bag,flipper,gait,run,axis,samples,raw_min,raw_max,clean_min,clean_max,clean_p0_5,clean_p99_5,average_interval_source,average_duration_s,clean_abs_mean,clean_abs_impulse_ns,clean_abs_p99_5,clean_abs_max,max_to_p99_5_ratio,abs_peak_time_s
control_vansh_rollAmpAndFrequency_1_control.bag,control,rollAmpAndFrequency,1,Fx,85800,-8.158374786376953,6.716876983642578,-1.4140243530273438,0.47450804710388184,-1.336456060409546,0.47450804710388184,servo_activity,8.08585500717163,0.350470491497673,2.833853578542362,1.336456060409546,1.4140243530273438,1.0580402864827652,1.2657256126403809
control_vansh_rollAmpAndFrequency_1_control.bag,control,rollAmpAndFrequency,1,Fy,85800,-5.863610744476318,5.07314395904541,-1.4850056171417236,2.833024740219116,-1.4486393928527832,2.811519145965576,servo_activity,8.08585500717163,1.2225330884540935,9.88522529470953,2.811519145965576,2.833024740219116,1.0076491011218613,4.616009712219238
control_vansh_rollAmpAndFrequency_1_control.bag,control,rollAmpAndFrequency,1,Fz,85800,-6.811148643493652,11.543766975402832,-3.4459588527679443,0.23510414361953735,-3.4302830696105957,0.21300852298736572,servo_activity,8.08585500717163,0.7259308425353439,5.8697715379747315,3.4302830696105957,3.4459588527679443,1.0045698220348702,0.21744465827941895
control_vansh_rollAmpAndFrequency_1_control.bag,control,rollAmpAndFrequency,1,Net,85800,0.017642896622419357,11.853377342224121,0.048602217744313614,4.056689816376105,0.0672043357034115,4.0396246014241735,servo_activity,8.08585500717163,1.58072376883341,12.78150320117684,4.0396246014241735,4.056689816376105,1.0042244556451891,0.3461945056915283
control_vansh_rollAmpAndFrequency_2_control.bag,control,rollAmpAndFrequency,2,Fx,88020,-7.2401862144470215,4.261672496795654,-2.0871517658233643,0.47097474336624146,-2.0458730101585387,0.45344990491867065,servo_activity,8.349081993103027,0.39552517084151473,3.302272081691889,2.0458730101585383,2.0871517658233643,1.0201765972080679,0.7692968845367432
control_vansh_rollAmpAndFrequency_2_control.bag,control,rollAmpAndFrequency,2,Fy,88020,-6.93254280090332,5.611161708831787,-2.5063698291778564,2.642279863357544,-2.4824178218841553,2.6000767183303832,servo_activity,8.349081993103027,1.212550603327064,10.123684407964202,2.6000767183303832,2.642279863357544,1.0162314999129183,4.343395471572876
control_vansh_rollAmpAndFrequency_2_control.bag,control,rollAmpAndFrequency,2,Fz,88020,-5.627877235412598,8.947423934936523,-2.813202142715454,0.39385053515434265,-2.79453444480896,0.39385053515434265,servo_activity,8.349081993103027,1.0184965912119095,8.503511549724168,2.79453444480896,2.813202142715454,1.0066800743648627,2.928715944290161
control_vansh_rollAmpAndFrequency_2_control.bag,control,rollAmpAndFrequency,2,Net,88020,0.002534331288188696,9.055291175842285,0.01726350948797581,3.688634728902993,0.09476669283586689,3.6619272561413965,servo_activity,8.349081993103027,1.7455185451822104,14.573477454208186,3.6619272561413965,3.688634728902993,1.007293283261377,4.3176422119140625
control_vansh_rollAmpAndFrequency_3_control.bag,control,rollAmpAndFrequency,3,Fx,86600,-4.5480804443359375,2.251293420791626,-1.506464958190918,0.5819896459579468,-1.2751901149749756,0.5819896459579468,servo_activity,8.241660356521606,0.44134771703565023,3.637437982934034,1.2751901149749756,1.506464958190918,1.1813649906002297,1.6661827564239502
control_vansh_rollAmpAndFrequency_3_control.bag,control,rollAmpAndFrequency,3,Fy,86600,-5.64166784286499,6.70522928237915,-1.712383508682251,2.628450870513916,-1.6117477416992188,2.5744640827178955,servo_activity,8.241660356521606,1.3853826181680884,11.417853002770045,2.5744640827178955,2.628450870513916,1.0209701071995636,2.1975250244140625
control_vansh_rollAmpAndFrequency_3_control.bag,control,rollAmpAndFrequency,3,Fz,86600,-6.895253658294678,7.648423194885254,-2.5469045639038086,0.45268678665161133,-2.5207643508911133,0.4345397755503671,servo_activity,8.241660356521606,1.1309882111488945,9.321220703519131,2.5207643508911133,2.5469045639038086,1.010369955050917,5.236368894577026
control_vansh_rollAmpAndFrequency_3_control.bag,control,rollAmpAndFrequency,3,Net,86600,0.027618475258350372,8.944010734558105,0.6071249662402153,3.5775995122610786,0.6661366230695256,3.543615283876656,servo_activity,8.241660356521606,1.9624525802056212,16.173867631834206,3.543615283876656,3.5775995122610786,1.0095902702923338,2.2315094470977783
control_vansh_rollAmpAndFrequency_4_control.bag,control,rollAmpAndFrequency,4,Fx,86620,-4.384042263031006,2.8565127849578857,-3.4144489765167236,0.5663183331489563,-1.696837809085846,0.5368790030479431,servo_activity,8.176583528518677,0.5454714234239241,4.460092656045695,1.6968378090858454,3.4144489765167236,2.0122423947850527,0.0
control_vansh_rollAmpAndFrequency_4_control.bag,control,rollAmpAndFrequency,4,Fy,86620,-5.886904716491699,6.43300724029541,-2.5728299617767334,2.952327251434326,-1.7014902830123901,2.8750412464141846,servo_activity,8.176583528518677,1.6625709221300082,13.594150016882333,2.8750412464141846,2.952327251434326,1.0268817030421857,1.412292718887329
control_vansh_rollAmpAndFrequency_4_control.bag,control,rollAmpAndFrequency,4,Fz,86620,-5.8371710777282715,5.302600383758545,-3.2491676807403564,1.2883778810501099,-3.1977593898773193,0.23229235410690308,servo_activity,8.176583528518677,1.2860583943595003,10.515563884033067,3.1977593898773193,3.2491676807403564,1.0160763474030512,0.3865966796875
control_vansh_rollAmpAndFrequency_4_control.bag,control,rollAmpAndFrequency,4,Net,86620,0.03620639070868492,7.7219977378845215,0.8953753014170803,4.465180107210832,0.9918412181712746,4.092068138000326,servo_activity,8.176583528518677,2.3189095070606482,18.96075727955746,4.092068138000326,4.465180107210832,1.091179314866647,0.0
control_vansh_rollAmpAndFrequency_5_control.bag,control,rollAmpAndFrequency,5,Fx,85480,-3.8893496990203857,1.9460972547531128,-2.2687346935272217,0.5627195239067078,-2.2645373344421387,0.4676047252118567,servo_activity,8.18578577041626,0.4895557137353063,4.007398195320446,2.2645373344421387,2.2687346935272217,1.0018535172819825,0.8138947486877441
control_vansh_rollAmpAndFrequency_5_control.bag,control,rollAmpAndFrequency,5,Fy,85480,-5.779799461364746,5.532461166381836,-2.402775764465332,3.0955264568328857,-2.389829635620117,2.915870428085327,servo_activity,8.18578577041626,1.53873298978272,12.595738612233458,2.915870428085327,3.0955264568328857,1.0616131728684282,0.04783821105957031
control_vansh_rollAmpAndFrequency_5_control.bag,control,rollAmpAndFrequency,5,Fz,85480,-4.456072807312012,4.177316188812256,-2.909012794494629,0.1632327437400818,-2.8997926712036133,0.14838236570358276,servo_activity,8.18578577041626,1.0739426597436401,8.79106454237248,2.8997926712036133,2.909012794494629,1.0031795801757057,8.219724178314209
control_vansh_rollAmpAndFrequency_5_control.bag,control,rollAmpAndFrequency,5,Net,85480,0.028233511373400688,7.006527900695801,0.09372914810633971,4.010586801178755,0.15432967285200136,3.984296938137979,servo_activity,8.18578577041626,2.0912439443904964,17.118474922460898,3.984296938137979,4.010586801178755,1.0065983694109564,8.27180290222168
control_vansh_rollAmpAndFrequency_6_control.bag,control,rollAmpAndFrequency,6,Fx,85620,-4.7400360107421875,2.0947673320770264,-1.9666731357574463,0.3821798861026764,-1.8875024318695068,0.36905279755592346,servo_activity,8.118197441101074,0.41714015435159035,3.386426133637588,1.8875024318695068,1.9666731357574463,1.0419446897398292,1.3881046772003174
control_vansh_rollAmpAndFrequency_6_control.bag,control,rollAmpAndFrequency,6,Fy,85620,-7.022529125213623,4.435626029968262,-2.429438352584839,3.2083425521850586,-2.3843999242782594,3.174755334854126,servo_activity,8.118197441101074,1.4893462946003306,12.09080727773777,3.174755334854126,3.2083425521850586,1.010579466380352,4.692171812057495
control_vansh_rollAmpAndFrequency_6_control.bag,control,rollAmpAndFrequency,6,Fz,85620,-5.186224937438965,5.469241142272949,-2.837707996368408,0.08161457628011703,-2.837707996368408,0.0541769415140152,servo_activity,8.118197441101074,0.8063387897600883,6.546017499690886,2.837707996368408,2.837707996368408,1.0,8.447940587997437
control_vansh_rollAmpAndFrequency_6_control.bag,control,rollAmpAndFrequency,6,Net,85620,0.013382215984165668,7.934350490570068,0.07736494447695634,3.848943036492229,0.09242542413366615,3.806600435286649,servo_activity,8.118197441101074,1.880257583366614,15.264302301897736,3.806600435286649,3.848943036492229,1.0111234688077766,4.653984069824219
control_vansh_rollAmpAndFrequency_7_control.bag,control,rollAmpAndFrequency,7,Fx,84680,-7.601111888885498,3.4758248329162598,-1.5818324089050293,0.44947078824043274,-1.5522536039352417,0.4098314940929413,servo_activity,5.151535987854004,0.45658372741566405,2.3521075032503163,1.5522536039352417,1.5818324089050293,1.0190553946177352,1.3649990558624268
control_vansh_rollAmpAndFrequency_7_control.bag,control,rollAmpAndFrequency,7,Fy,84680,-9.863763809204102,6.20036506652832,-2.5702359676361084,3.991562843322754,-2.534528970718384,3.94968843460083,servo_activity,5.151535987854004,1.6978724797413167,8.746651182174311,3.94968843460083,3.991562843322754,1.0106019523856837,6.677205801010132
control_vansh_rollAmpAndFrequency_7_control.bag,control,rollAmpAndFrequency,7,Fz,84680,-8.635945320129395,7.507089614868164,-3.5753285884857178,0.04107143357396126,-3.5655884742736816,0.007654218934476376,servo_activity,5.151535987854004,1.0366095257002144,5.3401312769969245,3.5655884742736816,3.5753285884857178,1.0027316989277681,6.366910457611084
control_vansh_rollAmpAndFrequency_7_control.bag,control,rollAmpAndFrequency,7,Net,84680,0.008412075228989124,12.34721851348877,0.05761943632098425,4.666829637237385,0.10922308792829584,4.627451462094753,servo_activity,5.151535987854004,2.2412935578938984,11.546104422835759,4.627451462094753,4.666829637237385,1.0085096895051615,6.605710029602051
control_vansh_rollAmpAndFrequency_8_control.bag,control,rollAmpAndFrequency,8,Fx,53360,-3.428065776824951,2.1049628257751465,-1.520419716835022,0.46785199642181396,-1.520419716835022,0.4546270966529846,servo_activity,5.122053384780884,0.4666972572283481,2.390448266054415,1.520419716835022,1.520419716835022,1.0,4.696707248687744
control_vansh_rollAmpAndFrequency_8_control.bag,control,rollAmpAndFrequency,8,Fy,53360,-6.3885321617126465,5.33012580871582,-2.946852445602417,3.2121686935424805,-2.946852445602417,3.1768059730529785,servo_activity,5.122053384780884,1.7224145308637633,8.822299177806517,3.1768059730529785,3.2121686935424805,1.0111315329892552,5.492857933044434
control_vansh_rollAmpAndFrequency_8_control.bag,control,rollAmpAndFrequency,8,Fz,53360,-5.6695637702941895,4.5129876136779785,-3.3848538398742676,0.17542055249214172,-3.381645917892456,0.1707720160484314,servo_activity,5.122053384780884,1.3132184559022297,6.726375037010742,3.381645917892456,3.3848538398742676,1.0009486274020702,5.389180660247803
control_vansh_rollAmpAndFrequency_8_control.bag,control,rollAmpAndFrequency,8,Net,53360,0.03210680931806564,6.858027458190918,0.15352213383071453,4.5119330157047495,0.4824350580209416,4.499947611160424,servo_activity,5.122053384780884,2.376071072334962,12.170362878533236,4.499947611160424,4.5119330157047495,1.0026634542399115,6.777589797973633
control_vansh_rollAmpAndFrequency_9_control.bag,control,rollAmpAndFrequency,9,Fx,87720,-4.579478740692139,2.472332239151001,-1.4215784072875977,0.6756178736686707,-1.4195973873138428,0.5783356428146362,servo_activity,8.207099199295044,0.5074238266616883,4.1644776814983695,1.4195973873138428,1.4215784072875977,1.0013954801491312,0.8594071865081787
control_vansh_rollAmpAndFrequency_9_control.bag,control,rollAmpAndFrequency,9,Fy,87720,-6.360528469085693,6.372747421264648,-3.6193017959594727,3.477555274963379,-2.9517227578163143,3.459859609603882,servo_activity,8.207099199295044,1.8520990149956131,15.200360342985636,3.466378927230835,3.6193017959594727,1.0441160276873718,0.0
control_vansh_rollAmpAndFrequency_9_control.bag,control,rollAmpAndFrequency,9,Fz,87720,-6.354620933532715,5.753137111663818,-2.903285026550293,0.3438657820224762,-2.8712215423583984,0.18482860922813416,servo_activity,8.207099199295044,1.2666636576845023,10.395634290758611,2.8712215423583984,2.903285026550293,1.0111671926804917,2.4185779094696045
control_vansh_rollAmpAndFrequency_9_control.bag,control,rollAmpAndFrequency,9,Net,87720,0.036985255777835846,7.387386322021484,0.8120136445310924,4.509755119526742,0.9928531921324587,4.433150821693449,servo_activity,8.207099199295044,2.4352560355486474,19.986387859429726,4.433150821693449,4.509755119526742,1.0172798763034256,2.393730640411377
control_vansh_rollAmpAndFrequency_10_control.bag,control,rollAmpAndFrequency,10,Fx,88720,-5.9060516357421875,3.544090747833252,-1.5437896251678467,0.5641013383865356,-1.526548742055893,0.544140909910202,servo_activity,8.312076091766357,0.5225898615581894,4.343806694057317,1.5265487420558925,1.5437896251678467,1.0112940272635742,1.9952943325042725
control_vansh_rollAmpAndFrequency_10_control.bag,control,rollAmpAndFrequency,10,Fy,88720,-8.447210311889648,6.007535934448242,-3.103409767150879,4.6479411125183105,-3.059835910797119,4.628491401672363,servo_activity,8.312076091766357,1.9864250538917174,16.511316198539042,4.628491401672363,4.6479411125183105,1.004202170676804,7.198931455612183
control_vansh_rollAmpAndFrequency_10_control.bag,control,rollAmpAndFrequency,10,Fz,88720,-7.8481550216674805,7.32345724105835,-4.187121391296387,0.27895766496658325,-4.156100263595581,0.2769591510295868,servo_activity,8.312076091766357,1.1748388094605178,9.765349579796021,4.15610026359558,4.187121391296387,1.0074639988771514,6.8908140659332275
control_vansh_rollAmpAndFrequency_10_control.bag,control,rollAmpAndFrequency,10,Net,88720,0.008508525788784027,9.955316543579102,0.05481887269947109,5.275761359796541,0.061080682086904016,5.248356623981121,servo_activity,8.312076091766357,2.634610761481432,21.899085121620168,5.248356623981121,5.275761359796541,1.0052215841603065,7.137659788131714
control_vansh_rollAmpAndFrequency_11_control.bag,control,rollAmpAndFrequency,11,Fx,53280,-5.2366509437561035,4.633777141571045,-1.6484113931655884,0.7076773643493652,-1.643149733543396,0.6943191289901733,servo_activity,5.1095075607299805,0.5689599988973892,2.9071054161191316,1.643149733543396,1.6484113931655884,1.0032021790313934,7.965550661087036
control_vansh_rollAmpAndFrequency_11_control.bag,control,rollAmpAndFrequency,11,Fy,53280,-6.860193729400635,6.529114723205566,-2.913710594177246,4.500111103057861,-2.9056708812713623,4.500111103057861,servo_activity,5.1095075607299805,2.000338465477647,10.220744513377044,4.500111103057861,4.500111103057861,1.0,3.3844587802886963
control_vansh_rollAmpAndFrequency_11_control.bag,control,rollAmpAndFrequency,11,Fz,53280,-6.3447370529174805,8.163488388061523,-3.934607982635498,0.17810527980327606,-3.934607982635498,0.1553298532962799,servo_activity,5.1095075607299805,1.4498499613793352,7.4080193395917835,3.934607982635498,3.934607982635498,1.0,8.672633171081543
control_vansh_rollAmpAndFrequency_11_control.bag,control,rollAmpAndFrequency,11,Net,53280,0.054021675139665604,9.420576095581055,0.8196741144969825,5.871319857252645,0.8775672346570473,5.754498647441001,servo_activity,5.1095075607299805,2.715870499405014,13.876760850673428,5.754498647441001,5.871319857252645,1.020300849295289,3.3844587802886963
control_vansh_rollAmpAndFrequency_12_control.bag,control,rollAmpAndFrequency,12,Fx,85680,-6.565078258514404,5.213431358337402,-1.6435575485229492,0.7490311861038208,-1.6335854530334473,0.7127186059951782,servo_activity,8.13376784324646,0.691229238373285,5.622298151392368,1.6335854530334473,1.6435575485229492,1.0061044223128852,3.3872673511505127
control_vansh_rollAmpAndFrequency_12_control.bag,control,rollAmpAndFrequency,12,Fy,85680,-8.468329429626465,9.11361026763916,-3.164456367492676,4.046799182891846,-3.164456367492676,4.029223918914795,servo_activity,8.13376784324646,2.3246813312309436,18.90841825776162,4.029223918914795,4.046799182891846,1.0043619476928412,5.175881862640381
control_vansh_rollAmpAndFrequency_12_control.bag,control,rollAmpAndFrequency,12,Fz,85680,-6.7326273918151855,9.879615783691406,-2.806277275085449,0.3301171660423279,-2.770536422729492,0.26622137859463224,servo_activity,8.13376784324646,1.3618621465560812,11.077070534592451,2.770536422729492,2.806277275085449,1.0129003365784108,6.249650239944458
control_vansh_rollAmpAndFrequency_12_control.bag,control,rollAmpAndFrequency,12,Net,85680,0.061406832188367844,10.031266212463379,1.3478719381884923,4.803613697722226,1.4760348193296595,4.7181436504123475,servo_activity,8.13376784324646,2.9357234170258093,23.878492726070146,4.7181436504123475,4.803613697722226,1.0181151854718133,5.176098823547363
control_vansh_experimental_sinusoidalYaw_1_control.bag,control,experimental_sinusoidalYaw,1,Fx,55080,-3.753538131713867,3.9047691822052,-1.7509982585906982,1.137152910232544,-1.7221894264221191,1.1281092166900635,servo_activity,5.290212869644165,0.6615177366749256,3.4995696440555712,1.7221894264221191,1.7509982585906982,1.0167280275482993,5.3349738121032715
control_vansh_experimental_sinusoidalYaw_1_control.bag,control,experimental_sinusoidalYaw,1,Fy,55080,-8.216099739074707,12.58569049835205,-5.1795525550842285,10.184612274169922,-5.1795525550842285,10.184612274169922,servo_activity,5.290212869644165,2.759931471564759,14.600624990207848,10.184612274169922,10.184612274169922,1.0,3.0648772716522217
control_vansh_experimental_sinusoidalYaw_1_control.bag,control,experimental_sinusoidalYaw,1,Fz,55080,-8.771505355834961,7.407218933105469,-3.1995270252227783,0.07146010547876358,-3.156334400177002,0.05958586558699608,servo_activity,5.290212869644165,1.158445829278407,6.128425034834236,3.156334400177002,3.1995270252227783,1.013684426163259,3.641655206680298
control_vansh_experimental_sinusoidalYaw_1_control.bag,control,experimental_sinusoidalYaw,1,Net,55080,0.022458912804722786,13.211688041687012,0.12215442303921765,10.630026062587902,0.13072187277164024,10.627383357791587,servo_activity,5.290212869644165,3.346908413621055,17.705857963258442,10.627383357791587,10.630026062587902,1.0002486693767736,3.162137746810913
control_vansh_experimental_sinusoidalYaw_2_control.bag,control,experimental_sinusoidalYaw,2,Fx,86440,-9.079890251159668,10.123674392700195,-1.4283978939056396,1.7227298021316528,-1.3460136651992798,1.7093438929319373,servo_activity,8.20377230644226,0.6525707603550167,5.353541931794455,1.7093438929319373,1.7227298021316528,1.0078310217476223,7.6237633228302
control_vansh_experimental_sinusoidalYaw_2_control.bag,control,experimental_sinusoidalYaw,2,Fy,86440,-11.929765701293945,29.913442611694336,-5.062194347381592,8.486865043640137,-5.055440425872803,8.467049598693848,servo_activity,8.20377230644226,2.5122214889497734,20.609693078695294,8.467049598693848,8.486865043640137,1.002340301035835,2.8650078773498535
control_vansh_experimental_sinusoidalYaw_2_control.bag,control,experimental_sinusoidalYaw,2,Fz,86440,-17.906816482543945,14.226303100585938,-3.713768720626831,0.35364073514938354,-3.6161599159240723,0.27143043279647827,servo_activity,8.20377230644226,0.9589949230887002,7.8673759920538044,3.6161599159240723,3.713768720626831,1.0269923916453279,7.322179079055786
control_vansh_experimental_sinusoidalYaw_2_control.bag,control,experimental_sinusoidalYaw,2,Net,86440,0.011039459146559238,30.918373107910156,0.14730121630035267,8.687049685156747,0.2067960296907211,8.633578736304234,servo_activity,8.20377230644226,3.0508198969145814,25.028231782250877,8.633578736304234,8.687049685156747,1.0061933701522485,2.8650078773498535
control_vansh_experimental_sinusoidalYaw_3_control.bag,control,experimental_sinusoidalYaw,3,Fx,87820,-8.521974563598633,5.141393661499023,-2.4439945220947266,2.6457958221435547,-2.4226832389831543,2.6457958221435547,servo_activity,8.278104305267334,1.245101523895426,10.307080285453644,2.6457958221435547,2.6457958221435547,1.0,3.8284480571746826
control_vansh_experimental_sinusoidalYaw_3_control.bag,control,experimental_sinusoidalYaw,3,Fy,87820,-9.619690895080566,12.71367359161377,-5.643958568572998,6.292736053466797,-5.637722492218018,6.292736053466797,servo_activity,8.278104305267334,2.5913392153712733,21.451376315173015,6.292736053466797,6.292736053466797,1.0,1.1662883758544922
control_vansh_experimental_sinusoidalYaw_3_control.bag,control,experimental_sinusoidalYaw,3,Fz,87820,-10.93568229675293,6.030117034912109,-5.366912364959717,0.6196589469909668,-5.3003363609313965,0.601172685623169,servo_activity,8.278104305267334,2.3170118164883644,19.180465493427615,5.3003363609313965,5.366912364959717,1.0125607130368273,3.505662441253662
control_vansh_experimental_sinusoidalYaw_3_control.bag,control,experimental_sinusoidalYaw,3,Net,87820,0.014800271019339561,15.032687187194824,0.032055565713834694,6.956611882459681,0.0498737727513597,6.802969283171398,servo_activity,8.278104305267334,4.143117656439748,34.29716010900299,6.802969283171398,6.956611882459681,1.0225846381032986,3.7866146564483643
control_vansh_experimental_sinusoidalYaw_4_control.bag,control,experimental_sinusoidalYaw,4,Fx,85900,-8.447807312011719,4.529919624328613,-2.569916248321533,1.7054424285888672,-2.5250871181488037,1.6913129091262817,servo_activity,8.158502340316772,1.0053784280399758,8.202382258068141,2.5250871181488037,2.569916248321533,1.017753498424084,4.154039144515991
control_vansh_experimental_sinusoidalYaw_4_control.bag,control,experimental_sinusoidalYaw,4,Fy,85900,-7.60070276260376,12.774383544921875,-5.557063579559326,6.755551338195801,-5.5560197830200195,6.727200508117676,servo_activity,8.158502340316772,2.622553537118454,21.396109170186936,6.727200508117676,6.755551338195801,1.0042143578214913,0.6080372333526611
control_vansh_experimental_sinusoidalYaw_4_control.bag,control,experimental_sinusoidalYaw,4,Fz,85900,-9.683575630187988,6.922797679901123,-4.976179599761963,0.5221954584121704,-4.945680618286133,0.49421608448028564,servo_activity,8.158502340316772,2.1432064129174884,17.485354535569243,4.945680618286133,4.976179599761963,1.0061667915560628,7.0846452713012695
control_vansh_experimental_sinusoidalYaw_4_control.bag,control,experimental_sinusoidalYaw,4,Net,85900,0.041106436401605606,13.666118621826172,0.4859586346047166,6.773976286810756,0.5073739604251633,6.752077417084822,servo_activity,8.158502340316772,4.0420863776861,32.97737117211459,6.752077417084822,6.773976286810756,1.0032432788271242,0.61765456199646
control_vansh_experimental_sinusoidalYaw_5_control.bag,control,experimental_sinusoidalYaw,5,Fx,85660,-4.371918678283691,3.85966157913208,-1.6976380348205566,1.2584971189498901,-1.652571201324463,1.2584971189498901,servo_activity,8.241868734359741,0.7244956584641661,5.971198115675183,1.652571201324463,1.6976380348205566,1.0272707363289246,7.488943338394165
control_vansh_experimental_sinusoidalYaw_5_control.bag,control,experimental_sinusoidalYaw,5,Fy,85660,-9.037415504455566,6.368856906890869,-2.446655035018921,2.447481870651245,-2.4419126510620117,2.4244961738586426,servo_activity,8.241868734359741,1.0179215893391713,8.389576121204293,2.4419126510620117,2.447481870651245,1.0022806792809773,6.836697816848755
control_vansh_experimental_sinusoidalYaw_5_control.bag,control,experimental_sinusoidalYaw,5,Fz,85660,-4.455321788787842,7.398194313049316,-2.1909472942352295,0.1938692182302475,-2.1909472942352295,0.18403179943561554,servo_activity,8.241868734359741,0.4721793721970932,3.891640404720834,2.1909472942352295,2.1909472942352295,1.0,0.1007080078125
control_vansh_experimental_sinusoidalYaw_5_control.bag,control,experimental_sinusoidalYaw,5,Net,85660,0.010420642793178558,10.216581344604492,0.075021954961091,3.6065092686664837,0.08923248413126042,3.4848760600757065,servo_activity,8.241868734359741,1.4079845098138397,11.604423509897511,3.4848760600757065,3.6065092686664837,1.034903166280219,0.1007080078125
control_vansh_experimental_sinusoidalYaw_6_control.bag,control,experimental_sinusoidalYaw,6,Fx,85680,-4.3275604248046875,3.0389537811279297,-1.5301098823547363,1.6519314050674438,-1.5256128311157227,1.406224992275227,servo_activity,8.122951745986938,0.7648340119154612,6.21270977247889,1.526981234550476,1.6519314050674438,1.0818282292471992,8.562688112258911
control_vansh_experimental_sinusoidalYaw_6_control.bag,control,experimental_sinusoidalYaw,6,Fy,85680,-6.586299896240234,6.981055736541748,-1.7867119312286377,3.3850760459899902,-1.766959547996521,2.861445665359497,servo_activity,8.122951745986938,1.1442727652474534,9.294872456352104,2.861445665359497,3.3850760459899902,1.1829950458153142,8.566125631332397
control_vansh_experimental_sinusoidalYaw_6_control.bag,control,experimental_sinusoidalYaw,6,Fz,85680,-3.9001524448394775,6.186367988586426,-1.7537678480148315,0.1632751077413559,-1.7463093996047974,0.1511617499589919,servo_activity,8.122951745986938,0.5107158842138468,4.14852048337813,1.7463093996047974,1.7537678480148315,1.0042709776467573,3.341704845428467
control_vansh_experimental_sinusoidalYaw_6_control.bag,control,experimental_sinusoidalYaw,6,Net,85680,0.016535911709070206,7.902683734893799,0.004398176258691837,3.9738923389971386,0.039365764722487574,3.0858123383972647,servo_activity,8.122951745986938,1.5626532058644025,12.693356586948335,3.0858123383972647,3.9738923389971386,1.287794558842529,8.566125631332397
control_vansh_experimental_sinusoidalYaw_7_control.bag,control,experimental_sinusoidalYaw,7,Fx,86560,-5.716101169586182,3.269599199295044,-1.5977473258972168,1.133610486984253,-1.2808034420013428,1.1179620027542114,servo_activity,8.236847400665283,0.48620565474558025,4.004801783479895,1.2808034420013428,1.5977473258972168,1.2474570831888363,0.0
control_vansh_experimental_sinusoidalYaw_7_control.bag,control,experimental_sinusoidalYaw,7,Fy,86560,-9.557787895202637,8.740396499633789,-1.5593316555023193,2.806711435317993,-1.448948621749878,2.789114236831665,servo_activity,8.236847400665283,0.9649672272289299,7.948287797327797,2.789114236831665,2.806711435317993,1.0063092426455498,4.899862051010132
control_vansh_experimental_sinusoidalYaw_7_control.bag,control,experimental_sinusoidalYaw,7,Fz,86560,-10.856361389160156,8.932429313659668,-1.495989441871643,0.23130708932876587,-1.4150863885879517,0.21095915138721466,servo_activity,8.236847400665283,0.4380752381735118,3.6083588868453154,1.4150863885879517,1.495989441871643,1.0571718122201859,5.487954616546631
control_vansh_experimental_sinusoidalYaw_7_control.bag,control,experimental_sinusoidalYaw,7,Net,86560,0.0082404725253582,12.469143867492676,0.038875517322164814,2.8731314478231753,0.06312508555613709,2.8546118175405235,servo_activity,8.236847400665283,1.3005137274634087,10.712133115586497,2.8546118175405235,2.8731314478231753,1.0064876177450313,4.861591577529907
control_vansh_experimental_sinusoidalYaw_8_control.bag,control,experimental_sinusoidalYaw,8,Fx,86480,-3.521977186203003,3.995737314224243,-1.3854984045028687,1.3128578662872314,-1.3587342560291291,1.2370156049728394,servo_activity,5.155261039733887,0.7274158815274435,3.7500187537221104,1.358734256029127,1.3854984045028687,1.0196978536126404,7.313589096069336
control_vansh_experimental_sinusoidalYaw_8_control.bag,control,experimental_sinusoidalYaw,8,Fy,86480,-4.688901901245117,4.689663887023926,-1.9062018394470215,2.581784963607788,-1.8923254013061523,2.5327138900756836,servo_activity,5.155261039733887,1.0400471266904847,5.3617144317146295,2.5327138900756836,2.581784963607788,1.019374898098197,0.6237196922302246
control_vansh_experimental_sinusoidalYaw_8_control.bag,control,experimental_sinusoidalYaw,8,Fz,86480,-5.680522918701172,5.589234352111816,-1.9200845956802368,0.390965074300766,-1.9063957929611206,0.15967735648155212,servo_activity,5.155261039733887,0.586655392911278,3.0243616908252866,1.9063957929611206,1.9200845956802368,1.0071804620895926,7.335047960281372
control_vansh_experimental_sinusoidalYaw_8_control.bag,control,experimental_sinusoidalYaw,8,Net,86480,0.00892688985913992,5.897312641143799,0.11053080280405851,2.83881953271561,0.13922280034221804,2.81830150301244,servo_activity,5.155261039733887,1.5189178547649747,7.830418039226048,2.81830150301244,2.83881953271561,1.0072802820000764,3.3448519706726074
control_vansh_yawPower_1_control.bag,control,yawPower,1,Fx,85480,-4.550240516662598,1.9862111806869507,-1.8473429679870605,0.46523889899253845,-1.8107973337173462,0.44364037051796873,servo_activity,8.14109754562378,0.43915090020910663,3.5751703158508312,1.8107973337173462,1.8473429679870605,1.0201820676390607,7.518973350524902
control_vansh_yawPower_1_control.bag,control,yawPower,1,Fy,85480,-6.429022789001465,5.658330917358398,-2.901928663253784,3.7575221061706543,-2.8475441932678223,3.729473114013672,servo_activity,8.14109754562378,1.7259203400922754,14.05088584466738,3.729473114013672,3.7575221061706543,1.0075208994138038,4.80373740196228
control_vansh_yawPower_1_control.bag,control,yawPower,1,Fz,85480,-7.130739688873291,6.417001247406006,-3.7712302207946777,0.0488910898566246,-3.7625670754909515,0.02836732752621174,servo_activity,8.14109754562378,1.0541239379068892,8.581725803677049,3.762567075490949,3.7712302207946777,1.0023024560439493,8.517621278762817
control_vansh_yawPower_1_control.bag,control,yawPower,1,Net,85480,0.019719470292329788,8.852394104003906,0.0476802517325795,4.875175579706217,0.0655326252627663,4.5200650928360275,servo_activity,8.14109754562378,2.2650623170467186,18.44009326999395,4.5200650928360275,4.875175579706217,1.0785631356134702,8.550374031066895
control_vansh_yawPower_2_control.bag,control,yawPower,2,Fx,85800,-5.372245788574219,3.669039487838745,-0.9401264786720276,1.731002688407898,-0.9224883317947388,1.7295706272125244,servo_activity,8.171987056732178,1.031425498695293,8.428795825321467,1.7295706272125244,1.731002688407898,1.0008279865377232,1.501516342163086
control_vansh_yawPower_2_control.bag,control,yawPower,2,Fy,85800,-3.1871538162231445,4.278355598449707,-1.634896993637085,2.102769613265991,-1.6019622087478638,2.0821850299835205,servo_activity,8.171987056732178,1.0753054758251521,8.787382430476379,2.0821850299835205,2.102769613265991,1.0098860490235269,4.792036056518555
control_vansh_yawPower_2_control.bag,control,yawPower,2,Fz,85800,-4.251688003540039,2.596599578857422,-2.427445650100708,0.010340328328311443,-2.4184019565582275,0.010340328328311443,servo_activity,8.171987056732178,1.0299872032202004,8.417042093315253,2.4184019565582275,2.427445650100708,1.00373953284232,2.4510724544525146
control_vansh_yawPower_2_control.bag,control,yawPower,2,Net,85800,0.02859589457511902,5.5351481437683105,0.045052355717623206,2.9476259358860144,0.17438291925751978,2.8958562258238456,servo_activity,8.171987056732178,1.9578859741590515,15.99981883938524,2.8958562258238456,2.9476259358860144,1.017877168624779,8.570590019226074
control_vansh_yawPower_3_control.bag,control,yawPower,3,Fx,54480,-3.4001011848449707,3.1084585189819336,0.2643393874168396,1.3848494291305542,0.2643393874168396,1.359561370611193,servo_activity,5.162144422531128,0.7806176537744416,4.029661067561069,1.359561370611193,1.3848494291305542,1.0186001596294199,4.963948965072632
control_vansh_yawPower_3_control.bag,control,yawPower,3,Fy,54480,-2.8301780223846436,4.8925580978393555,-1.3557921648025513,4.021369457244873,-1.342160940170288,3.9573426318168705,servo_activity,5.162144422531128,1.1644069698300956,6.010836944864799,3.9573426318168705,4.021369457244873,1.0161792473851594,5.560265779495239
control_vansh_yawPower_3_control.bag,control,yawPower,3,Fz,54480,-4.939758777618408,1.8655143976211548,-4.149693965911865,-0.16871529817581177,-4.144485950469971,-0.1790163218975067,servo_activity,5.162144422531128,1.6668667910347452,8.60460710844237,4.144485950469971,4.149693965911865,1.0012566131250376,5.33387017250061
control_vansh_yawPower_3_control.bag,control,yawPower,3,Net,54480,0.06352390348911285,5.984659194946289,0.45485926026723095,5.091912858696499,0.49601440261825874,5.006676118313365,servo_activity,5.162144422531128,2.4491559916719314,12.642896942317954,5.006676118313365,5.091912858696499,1.0170246164059535,5.560265779495239
control_vansh_yawPower_4_control.bag,control,yawPower,4,Fx,86080,-25.813692092895508,15.423067092895508,-2.4194324016571045,2.1946661472320557,-2.413827419281006,2.1365630626678467,servo_activity,8.263508081436157,1.048578549761524,8.66493731997496,2.413827419281006,2.4194324016571045,1.002322031115948,3.902127265930176
control_vansh_yawPower_4_control.bag,control,yawPower,4,Fy,86080,-23.27594757080078,14.278009414672852,-5.364846706390381,3.883126735687256,-5.321444988250732,3.863997220993042,servo_activity,8.263508081436157,2.318869943308488,19.162000516329094,5.321444988250732,5.364846706390381,1.0081560024082699,1.752680778503418
control_vansh_yawPower_4_control.bag,control,yawPower,4,Fz,86080,-19.1661434173584,14.820366859436035,-4.871678829193115,-0.11741902679204941,-4.871678829193115,-0.13058999180793762,servo_activity,8.263508081436157,2.145841755222004,17.732180685760177,4.871678829193115,4.871678829193115,1.0,8.614749431610107
control_vansh_yawPower_4_control.bag,control,yawPower,4,Net,86080,0.020743677392601967,35.049320220947266,0.27381741958389744,6.010792100222661,0.36679139938650257,5.952571721376267,servo_activity,8.263508081436157,3.692298373761986,30.511337450655752,5.952571721376267,6.010792100222661,1.0097807101823433,1.6834158897399902
fiberglassSIN.bag,fiberglass,SIN,1,Fx,191400,-1.6009151935577393,2.542841672897339,-0.2733994722366333,1.203708291053772,-0.2658087909221649,1.1730600595474243,servo_activity,18.55917191505432,0.23684944125654528,4.395729498264783,1.1730600595474243,1.203708291053772,1.0261267368681635,2.2605042457580566
fiberglassSIN.bag,fiberglass,SIN,1,Fy,191400,-4.63602352142334,5.539889812469482,-3.3484785556793213,3.8899612426757812,-3.292299270629883,3.817185878753662,servo_activity,18.55917191505432,1.128543218764849,20.94482761062559,3.817185878753662,3.8899612426757812,1.0190651873484036,1.9443175792694092
fiberglassSIN.bag,fiberglass,SIN,1,Fz,191400,-6.447466850280762,1.6078150272369385,-4.085021018981934,0.5535445213317871,-4.034533500671387,0.5438464283943176,servo_activity,18.55917191505432,0.7856298879193683,14.580640151500415,4.034533500671387,4.085021018981934,1.0125138428772855,0.3404550552368164
fiberglassSIN.bag,fiberglass,SIN,1,Net,191400,0.0037539093755185604,7.778576374053955,0.0037406545454951885,5.042930183300978,0.027648524841760717,4.949596983994248,servo_activity,18.55917191505432,1.5356696992496135,28.500757953113343,4.949596983994248,5.042930183300978,1.0188567270443525,0.34238696098327637
fiberglassSIN2.bag,fiberglass,SIN,2,Fx,128660,-1.5378371477127075,2.085972309112549,-0.8524692058563232,1.2154990434646606,-0.38625407218933105,1.1757494890689855,servo_activity,12.260337352752686,0.3181385336474033,3.9004857474272256,1.1757494890689855,1.2154990434646606,1.0338078432227522,1.8623936176300049
fiberglassSIN2.bag,fiberglass,SIN,2,Fy,128660,-4.402334690093994,6.033178806304932,-2.458379030227661,4.415219306945801,-2.38010311126709,4.412422180175781,servo_activity,12.260337352752686,1.5489827136484984,18.9910506229129,4.412422180175781,4.415219306945801,1.000633920929549,2.738168716430664
fiberglassSIN2.bag,fiberglass,SIN,2,Fz,128660,-6.585108757019043,1.5356297492980957,-4.336668014526367,0.21783395111560822,-4.324679017066956,0.19219414651393907,servo_activity,12.260337352752686,1.4771897465679344,18.11084462695012,4.324679017066958,4.336668014526367,1.0027722282768492,10.582125663757324
fiberglassSIN2.bag,fiberglass,SIN,2,Net,128660,0.008263722993433475,7.852717876434326,0.0150853999874518,5.840731102661055,0.048096798808986076,5.76163823482372,servo_activity,12.260337352752686,2.3405327171814423,28.695720697799374,5.76163823482372,5.840731102661055,1.0137274963497869,2.717362642288208
fiberglassNESTEDSIN.bag,fiberglass,NESTEDSIN,1,Fx,220960,-3.9624879360198975,2.9580414295196533,-1.4604016542434692,1.0894639492034912,-1.4203498363494873,1.0602940320968628,servo_activity,21.68148183822632,0.27283619124961617,5.915492925389396,1.4203498363494873,1.4604016542434692,1.0281985584600208,0.0931088924407959
fiberglassNESTEDSIN.bag,fiberglass,NESTEDSIN,1,Fy,220960,-3.9084692001342773,4.820831298828125,-1.5493113994598389,3.2886903285980225,-1.2096455544233322,3.1850587534904444,servo_activity,21.68148183822632,1.3106584023309142,28.41701634625644,3.1850587534904444,3.2886903285980225,1.0325367860150179,1.0809857845306396
fiberglassNESTEDSIN.bag,fiberglass,NESTEDSIN,1,Fz,220960,-3.251507043838501,2.258244514465332,-2.4552745819091797,0.3995301127433777,-2.433579683303833,0.33486706018447876,servo_activity,21.68148183822632,0.6434083439464778,13.950046323838832,2.433579683303833,2.4552745819091797,1.0089148092228868,21.05945920944214
fiberglassNESTEDSIN.bag,fiberglass,NESTEDSIN,1,Net,220960,0.010999041609466076,4.834266662597656,0.019205264499612833,3.355210785115511,0.09850663940703881,3.3198175653272135,servo_activity,21.68148183822632,1.636967790266948,35.4918874144343,3.3198175653272135,3.355210785115511,1.010661194204751,21.090888738632202
fiberglassNESTEDSIN2.bag,fiberglass,NESTEDSIN,2,Fx,195380,-3.349850654602051,3.3121628761291504,-1.5674095153808594,1.6350328922271729,-1.4290088468790054,1.5756249523162846,servo_activity,19.138298273086548,0.5240069983060512,10.028602230765966,1.5756249523162846,1.6350328922271729,1.0377043660190544,6.335622310638428
fiberglassNESTEDSIN2.bag,fiberglass,NESTEDSIN,2,Fy,195380,-5.937740325927734,6.169579029083252,-5.594027519226074,4.209238052368164,-1.065203493833542,4.196588039398193,servo_activity,19.138298273086548,1.6281740468924757,31.160480549926604,4.196588039398193,5.594027519226074,1.3329942006955438,0.003620624542236328
fiberglassNESTEDSIN2.bag,fiberglass,NESTEDSIN,2,Fz,195380,-4.07477331161499,3.770375967025757,-2.8974804878234863,0.5165470838546753,-1.658618688583374,0.4887228012084961,servo_activity,19.138298273086548,0.6776454229927064,12.968980228626314,1.658618688583374,2.8974804878234863,1.7469238154420073,0.003620624542236328
fiberglassNESTEDSIN2.bag,fiberglass,NESTEDSIN,2,Net,195380,0.02996133826673031,6.5757880210876465,0.06609585888416607,6.312804024445707,0.2498490583372114,4.410894672329667,servo_activity,19.138298273086548,2.0164528629029386,38.59147634385573,4.410894672329667,6.312804024445707,1.4311844860062195,0.003620624542236328
fiberglassSLOWFAST.bag,fiberglass,SLOWFAST,1,Fx,156540,-2.3906002044677734,4.732757091522217,-0.6241486668586731,1.1041548252105713,-0.6073748025298118,1.0666272640228271,servo_activity,15.180807113647461,0.33605521890429335,5.101589457720651,1.0666272640228271,1.1041548252105713,1.0351833882871204,6.555111646652222
fiberglassSLOWFAST.bag,fiberglass,SLOWFAST,1,Fy,156540,-5.708525657653809,4.058219909667969,-0.3599611520767212,2.851250410079956,-0.32762429118156433,2.8145389556884766,servo_activity,15.180807113647461,1.2913200110237644,19.60328000934488,2.8145389556884766,2.851250410079956,1.0130435055152751,0.9712235927581787
fiberglassSLOWFAST.bag,fiberglass,SLOWFAST,1,Fz,156540,-8.644059181213379,5.112746715545654,-2.1717870235443115,0.6002405285835266,-2.1360158920288086,0.5372443199157715,servo_activity,15.180807113647461,0.6024895218976977,9.146277219922627,2.1360158920288086,2.1717870235443115,1.0167466598207409,0.5651919841766357
fiberglassSLOWFAST.bag,fiberglass,SLOWFAST,1,Net,156540,0.0032058812212198973,8.686028480529785,0.003778154414665991,3.0470442593993545,0.03434092444053494,3.000040692213039,servo_activity,15.180807113647461,1.613833422646958,24.499293902760968,3.000040692213039,3.0470442593993545,1.0156676432117466,0.8401753902435303
fiberglassSLOWFAST2.bag,fiberglass,SLOWFAST,2,Fx,191460,-4.642435073852539,4.464489936828613,-1.5448123216629028,1.7564105987548828,-1.3745975494384766,1.668480396270752,servo_activity,18.68668222427368,0.6012464760423744,11.23530183626823,1.668480396270752,1.7564105987548828,1.0527007705218863,15.848834037780762
fiberglassSLOWFAST2.bag,fiberglass,SLOWFAST,2,Fy,191460,-6.702052116394043,6.007834434509277,-2.390662670135498,3.9901082515716553,-2.1533906650543213,3.9431164264678955,servo_activity,18.68668222427368,1.6973233472984692,31.71734202280701,3.9431164264678955,3.9901082515716553,1.011917432817436,15.132625579833984
fiberglassSLOWFAST2.bag,fiberglass,SLOWFAST,2,Fz,191460,-10.424156188964844,3.034842014312744,-2.6427438259124756,0.4161204695701599,-2.4769316804409027,0.3821868300437927,servo_activity,18.68668222427368,0.5998844978136084,11.2098509819109,2.476931680440901,2.6427438259124756,1.0669425591270485,0.33354830741882324
fiberglassSLOWFAST2.bag,fiberglass,SLOWFAST,2,Net,191460,0.00863378681242466,10.507529258728027,0.06049298473515167,4.141211997882127,0.1740225613008682,4.0741224499798445,servo_activity,18.68668222427368,2.137797812676497,39.948348385233054,4.0741224499798445,4.141211997882127,1.0164672389516949,15.063753366470337
fiberglassSINFOURIER.bag,fiberglass,SINFOURIER,1,Fx,161400,-3.4131646156311035,4.426257610321045,-2.159714460372925,1.2299739122390747,-2.1459622383117676,1.210752010345459,servo_activity,15.461020708084106,0.5958850994297987,9.212991861922875,2.1459622383117676,2.159714460372925,1.0064084175460497,4.758060932159424
fiberglassSINFOURIER.bag,fiberglass,SINFOURIER,1,Fy,161400,-4.132785797119141,5.499855041503906,-2.88212513923645,3.538295030593872,-2.828512668609619,3.466703965663916,servo_activity,15.461020708084106,1.0301734176322794,15.92753254293045,3.466703965663916,3.538295030593872,1.0206510465384504,14.52835750579834
fiberglassSINFOURIER.bag,fiberglass,SINFOURIER,1,Fz,161400,-3.8317880630493164,2.2308857440948486,-2.9650590419769287,0.9019015431404114,-2.929476261138916,0.8560337129235285,servo_activity,15.461020708084106,0.795692701978447,12.302221342560165,2.929476261138916,2.9650590419769287,1.0121464649876286,2.023045063018799
fiberglassSINFOURIER.bag,fiberglass,SINFOURIER,1,Net,161400,0.0024755802005529404,6.7995829582214355,0.02767476589858387,4.5277238499543095,0.03374265825426575,4.483770760003613,servo_activity,15.461020708084106,1.5691897514770452,24.26127524249995,4.483770760003613,4.5277238499543095,1.0098027067625244,2.128556251525879
fiberglassSINFOURIER2.bag,fiberglass,SINFOURIER,2,Fx,133960,-2.7446889877319336,4.19968843460083,-1.7074278593063354,1.017484426498413,-1.7062114477157593,0.9954373231530114,servo_activity,12.980191469192505,0.592184630826074,7.686669893235519,1.7062114477157593,1.7074278593063354,1.0007129313264218,2.697164535522461
fiberglassSINFOURIER2.bag,fiberglass,SINFOURIER,2,Fy,133960,-3.3870527744293213,5.918978691101074,-0.8961434364318848,3.9390106201171875,-0.860368013381958,3.9090826511383057,servo_activity,12.980191469192505,1.333580586699878,17.310131354962493,3.9090826511383057,3.9390106201171875,1.0076560082376786,1.0059399604797363
fiberglassSINFOURIER2.bag,fiberglass,SINFOURIER,2,Fz,133960,-5.3871965408325195,1.9930822849273682,-4.315334320068359,0.7291155457496643,-4.280209541320801,0.705678082108497,servo_activity,12.980191469192505,1.2297926512463897,15.962944080584021,4.280209541320801,4.315334320068359,1.0082063222392423,0.9082624912261963
fiberglassSINFOURIER2.bag,fiberglass,SINFOURIER,2,Net,133960,0.0151526452973485,7.313283443450928,0.02291680631858141,5.814358628982521,0.1379699465924938,5.757264813243159,servo_activity,12.980191469192505,2.0209998336482546,26.23296479996055,5.757264813243159,5.814358628982521,1.0099168298821397,0.9701223373413086
fiberglassDOUBLESIN.bag,fiberglass,DOUBLESIN,1,Fx,211620,-2.6428987979888916,4.46243953704834,-1.9318290948867798,1.3866465091705322,-1.9073482751846313,1.3430957347154617,servo_activity,20.41295099258423,0.9411200974962174,19.211038428326376,1.9073482751846313,1.9318290948867798,1.0128350024065629,2.0643858909606934
fiberglassDOUBLESIN.bag,fiberglass,DOUBLESIN,1,Fy,211620,-4.20335578918457,4.875503063201904,-2.6255016326904297,3.068230390548706,-2.5601866245269775,2.980635643005371,servo_activity,20.41295099258423,1.093897998560279,22.32968623549695,2.980635643005371,3.068230390548706,1.0293879420481644,9.381712913513184
fiberglassDOUBLESIN.bag,fiberglass,DOUBLESIN,1,Fz,211620,-3.9531219005584717,1.351263403892517,-2.056189775466919,0.06549686193466187,-2.023860216140747,0.00819133393932133,servo_activity,20.41295099258423,0.660170206359365,13.476022069177933,2.023860216140747,2.056189775466919,1.0159742056631857,1.8379902839660645
fiberglassDOUBLESIN.bag,fiberglass,DOUBLESIN,1,Net,211620,0.012348494492471218,6.87816047668457,0.04367874223864872,3.679454840957377,0.048290383929983534,3.6164500872513154,servo_activity,20.41295099258423,1.734832887809844,35.41305871918572,3.6164500872513154,3.679454840957377,1.0174217125042497,9.405495882034302
fiberglassDOUBLESIN2.bag,fiberglass,DOUBLESIN,2,Fx,133300,-3.4661152362823486,3.276071071624756,-2.2045717239379883,1.1692781448364258,-2.164668321609497,1.1638823747634888,servo_activity,12.879209041595459,0.937931419029078,12.07981481235576,2.164668321609497,2.2045717239379883,1.0184339568007452,0.3774881362915039
fiberglassDOUBLESIN2.bag,fiberglass,DOUBLESIN,2,Fy,133300,-7.305058479309082,6.71572208404541,-3.660141944885254,3.8789851665496826,-3.61027010679245,3.8633565616607726,servo_activity,12.879209041595459,1.715087989998052,22.088976747914693,3.8633565616607726,3.8789851665496826,1.0040453436382253,11.724670171737671
fiberglassDOUBLESIN2.bag,fiberglass,DOUBLESIN,2,Fz,133300,-3.9158780574798584,1.973067045211792,-3.120307683944702,-0.09757916629314423,-2.8673233461380003,-0.16746553778648376,servo_activity,12.879209041595459,1.2311335997940502,15.856026989879497,2.867323346138001,3.120307683944702,1.0882301391461293,13.304168701171875
fiberglassDOUBLESIN2.bag,fiberglass,DOUBLESIN,2,Net,133300,0.045656878501176834,7.507298469543457,0.256712247357585,4.802059793191801,0.312068617408894,4.7343997886297755,servo_activity,12.879209041595459,2.4505421391430557,31.561044475261923,4.7343997886297755,4.802059793191801,1.0142911472589449,11.758622884750366
fiberglassSINmiddle.bag,fiberglass,SINmiddle,1,Fx,163100,-4.7403974533081055,5.415909290313721,-2.1737382411956787,1.937554121017456,-2.158733367919922,1.8902041912078857,servo_activity,15.726430654525757,0.9803394435079893,15.417240276224764,2.158733367919922,2.1737382411956787,1.0069507765519996,0.7495617866516113
fiberglassSINmiddle.bag,fiberglass,SINmiddle,1,Fy,163100,-7.0726494789123535,6.181924343109131,-5.733882904052734,4.789565086364746,-5.7310357093811035,4.779418468475342,servo_activity,15.726430654525757,2.5855804323451097,40.661951370974094,5.7310357093811035,5.733882904052734,1.0004968028147112,1.8530707359313965
fiberglassSINmiddle.bag,fiberglass,SINmiddle,1,Fz,163100,-5.96331262588501,3.3188157081604004,-3.9562573432922363,0.8019988536834717,-3.907414674758911,0.7721179127693176,servo_activity,15.726430654525757,1.2196319486058653,19.180457263794263,3.907414674758911,3.9562573432922363,1.0124999961864398,1.6545112133026123
fiberglassSINmiddle.bag,fiberglass,SINmiddle,1,Net,163100,0.004213963635265827,7.781652450561523,0.05178306924469568,6.5849250727004005,0.06744579488172758,6.398266376198765,servo_activity,15.726430654525757,3.1886251633296157,50.145692514379064,6.398266376198765,6.5849250727004005,1.0291733237609482,1.7941622734069824
fiberglassFOURIER.bag,fiberglass,FOURIER,1,Fx,227200,-5.507312297821045,4.1709160804748535,-1.3707084655761719,1.550167441368103,-1.3156288862228394,1.4339828491210938,servo_activity,22.05428433418274,0.49005094073318,10.807722785163286,1.4339828491210938,1.550167441368103,1.081022302545822,0.6135492324829102
fiberglassFOURIER.bag,fiberglass,FOURIER,1,Fy,227200,-7.140738010406494,15.635858535766602,-1.0909231901168823,3.8080008029937744,-1.0840529203414917,3.7847166740894345,servo_activity,22.05428433418274,0.9807385044719886,21.629485835106387,3.7847166740894345,3.8080008029937744,1.0061521458300289,2.3413593769073486
fiberglassFOURIER.bag,fiberglass,FOURIER,1,Fz,227200,-8.273126602172852,5.665119647979736,-5.539875030517578,1.4026262760162354,-5.457829475402832,1.389176845550537,servo_activity,22.05428433418274,1.131003979602773,24.94348334925177,5.457829475402832,5.539875030517578,1.0150326343988039,5.034018278121948
fiberglassFOURIER.bag,fiberglass,FOURIER,1,Net,227200,0.010709652677178383,16.252334594726562,0.07092568151039151,6.504999830228585,0.07690512354088586,6.33880461073244,servo_activity,22.05428433418274,1.876555292984102,41.386084000286985,6.33880461073244,6.504999830228585,1.0262187004809635,5.167362451553345
fiberglassFOURIER2.bag,fiberglass,FOURIER,2,Fx,202860,-5.0089874267578125,5.565589904785156,-1.3543905019760132,1.5231281518936157,-1.2420838034152986,1.496074914932251,servo_activity,19.860985040664673,0.3503777502559912,6.958847256415984,1.496074914932251,1.5231281518936157,1.0180828090166794,8.50606656074524
fiberglassFOURIER2.bag,fiberglass,FOURIER,2,Fy,202860,-9.340662956237793,7.842257499694824,-5.019492149353027,6.017210006713867,-3.867851972579956,6.000585079193115,servo_activity,19.860985040664673,1.6964311180624823,33.692793058357005,6.000585079193115,6.017210006713867,1.0027705510881595,2.950690984725952
fiberglassFOURIER2.bag,fiberglass,FOURIER,2,Fz,202860,-7.955495357513428,4.658344268798828,-5.796438694000244,1.5289019346237183,-5.763680934906006,1.5066947937011719,servo_activity,19.860985040664673,1.9483393576306034,38.69593883603963,5.763680934906006,5.796438694000244,1.0056834789198428,16.447129011154175
fiberglassFOURIER2.bag,fiberglass,FOURIER,2,Net,202860,0.040967971086502075,10.117426872253418,0.1225379636265172,6.405784940756161,0.14978449701782603,6.3480110023378264,servo_activity,19.860985040664673,2.9443952694929534,58.47859040120338,6.3480110023378264,6.405784940756161,1.0091011087405264,16.789634466171265
rib_flipper_vansh_rollAmpAndFrequency_1_rib_flipper.bag,rib_flipper,rollAmpAndFrequency,1,Fx,88080,-4.524669170379639,1.579258918762207,-1.7649635076522827,0.34940293431282043,-1.7261801958084106,0.32150631651281547,servo_activity,8.412453174591064,0.44296579426930527,3.7264290022360695,1.7261801958084106,1.7649635076522827,1.0224677075649735,7.5658955574035645
rib_flipper_vansh_rollAmpAndFrequency_1_rib_flipper.bag,rib_flipper,rollAmpAndFrequency,1,Fy,88080,-10.02946949005127,6.612133979797363,-5.627135753631592,4.869316577911377,-5.627135753631592,4.83765923976898,servo_activity,8.412453174591064,2.770549345145982,23.30711663393451,5.627135753631592,5.627135753631592,1.0,7.797964334487915
rib_flipper_vansh_rollAmpAndFrequency_1_rib_flipper.bag,rib_flipper,rollAmpAndFrequency,1,Fz,88080,-5.776805877685547,3.844834804534912,-3.055720329284668,0.8758243918418884,-3.0381879806518555,0.8758243918418884,servo_activity,8.412453174591064,1.0297430486873553,8.662665178943023,3.0381879806518555,3.055720329284668,1.0057706595985714,0.6853938102722168
rib_flipper_vansh_rollAmpAndFrequency_1_rib_flipper.bag,rib_flipper,rollAmpAndFrequency,1,Net,88080,0.02987157367169857,10.430753707885742,0.14059310174377596,5.90298443249754,0.19759533732550033,5.85503189071399,servo_activity,8.412453174591064,3.1066648564061836,26.134672633664692,5.85503189071399,5.90298443249754,1.0081899710673825,7.790013313293457
rib_flipper_vansh_rollAmpAndFrequency_2_rib_flipper.bag,rib_flipper,rollAmpAndFrequency,2,Fx,86280,-4.7835893630981445,2.2023136615753174,-2.1044440269470215,0.3369581401348114,-2.02400541305542,0.29711565375328064,servo_activity,8.208929538726807,0.4500039647715204,3.694050838957111,2.02400541305542,2.1044440269470215,1.039742291879631,0.772432804107666
rib_flipper_vansh_rollAmpAndFrequency_2_rib_flipper.bag,rib_flipper,rollAmpAndFrequency,2,Fy,86280,-8.234650611877441,7.4521965980529785,-5.248301982879639,6.161756992340088,-5.238801510334015,6.15604305267334,servo_activity,8.208929538726807,3.6322231547071926,29.81666394592334,6.15604305267334,6.161756992340088,1.000928183837874,8.23965573310852
rib_flipper_vansh_rollAmpAndFrequency_2_rib_flipper.bag,rib_flipper,rollAmpAndFrequency,2,Fz,86280,-5.667906284332275,4.291712760925293,-3.011070728302002,0.8364784121513367,-3.011070728302002,0.4389435350894928,servo_activity,8.208929538726807,0.905399029817951,7.43235684020717,3.011070728302002,3.011070728302002,1.0,1.4140758514404297
rib_flipper_vansh_rollAmpAndFrequency_2_rib_flipper.bag,rib_flipper,rollAmpAndFrequency,2,Net,86280,0.06335026025772095,9.10389232635498,0.008499116676963151,6.589889079568906,0.16849650649889983,6.551786171186031,servo_activity,8.208929538726807,3.869601165503542,31.765283310593702,6.551786171186031,6.589889079568906,1.005815652005013,8.222996950149536
rib_flipper_vansh_rollAmpAndFrequency_3_rib_flipper.bag,rib_flipper,rollAmpAndFrequency,3,Fx,89700,-6.000709056854248,2.2880747318267822,-1.6379961967468262,0.343947172164917,-1.6379961967468262,0.33797571063041687,servo_activity,8.378411054611206,0.3696542587548759,3.0971153279359633,1.6379961967468262,1.6379961967468262,1.0,2.015132188796997
rib_flipper_vansh_rollAmpAndFrequency_3_rib_flipper.bag,rib_flipper,rollAmpAndFrequency,3,Fy,89700,-9.161483764648438,7.574493885040283,-4.463349342346191,6.4378437995910645,-4.45501118183136,6.4378437995910645,servo_activity,8.378411054611206,3.5826097198942417,30.01657688151947,6.4378437995910645,6.4378437995910645,1.0,2.639127254486084
rib_flipper_vansh_rollAmpAndFrequency_3_rib_flipper.bag,rib_flipper,rollAmpAndFrequency,3,Fz,89700,-7.41729211807251,6.671631336212158,-2.7136757373809814,0.9022314548492432,-2.7136757373809814,0.6993696850538329,servo_activity,8.378411054611206,0.8705999856213,7.294244543673857,2.7136757373809814,2.7136757373809814,1.0,5.530882835388184
rib_flipper_vansh_rollAmpAndFrequency_3_rib_flipper.bag,rib_flipper,rollAmpAndFrequency,3,Net,89700,0.049571115523576736,11.337255477905273,0.24932309572013064,6.908431994948297,0.2546296659039511,6.852875326945113,servo_activity,8.378411054611206,3.79505253534912,31.79651011499935,6.852875326945113,6.908431994948297,1.008107059497309,2.638920545578003
rib_flipper_vansh_rollAmpAndFrequency_4_rib_flipper.bag,rib_flipper,rollAmpAndFrequency,4,Fx,88480,-5.976218223571777,4.079628944396973,-2.020575761795044,2.1450071334838867,-2.020575761795044,2.1021629357337948,servo_activity,8.420429706573486,0.3885109779237619,3.2714293798391605,2.1021629357337948,2.1450071334838867,1.020381007115006,0.0
rib_flipper_vansh_rollAmpAndFrequency_4_rib_flipper.bag,rib_flipper,rollAmpAndFrequency,4,Fy,88480,-8.698629379272461,7.681869983673096,-5.786250591278076,6.385037422180176,-5.179338455200195,6.385037422180176,servo_activity,8.420429706573486,3.810913390403553,32.08952832173276,6.385037422180176,6.385037422180176,1.0,2.3739118576049805
rib_flipper_vansh_rollAmpAndFrequency_4_rib_flipper.bag,rib_flipper,rollAmpAndFrequency,4,Fz,88480,-5.971043109893799,6.79041862487793,-4.255186080932617,0.347156286239624,-4.255186080932617,0.30240631103515625,servo_activity,8.420429706573486,0.9439198096175165,7.948210405526526,4.255186080932617,4.255186080932617,1.0,0.17035555839538574
rib_flipper_vansh_rollAmpAndFrequency_4_rib_flipper.bag,rib_flipper,rollAmpAndFrequency,4,Net,88480,0.05412399396300316,11.452956199645996,0.42630206426810974,6.735846746466058,0.44514470190319305,6.708140726019322,servo_activity,8.420429706573486,4.059267490962465,34.18077656782836,6.708140726019322,6.735846746466058,1.004130208589583,7.365637540817261
rib_flipper_vansh_rollAmpAndFrequency_5_rib_flipper.bag,rib_flipper,rollAmpAndFrequency,5,Fx,87780,-4.781493663787842,2.447615146636963,-1.7982851266860962,0.5109849572181702,-1.415397047996521,0.48937615752220154,servo_activity,8.33997106552124,0.3481710340246954,2.903736349618571,1.415397047996521,1.7982851266860962,1.270516375056419,8.776412010192871
rib_flipper_vansh_rollAmpAndFrequency_5_rib_flipper.bag,rib_flipper,rollAmpAndFrequency,5,Fy,87780,-9.840054512023926,8.260112762451172,-5.423644542694092,7.112743377685547,-5.423644542694092,7.111229419708252,servo_activity,8.33997106552124,3.8536786630497457,32.13956854565146,7.111229419708252,7.112743377685547,1.000212896798562,0.6555016040802002
rib_flipper_vansh_rollAmpAndFrequency_5_rib_flipper.bag,rib_flipper,rollAmpAndFrequency,5,Fz,87780,-6.918373107910156,5.5057525634765625,-4.816042900085449,0.7068445086479187,-4.801513671875,0.27341718316077984,servo_activity,8.33997106552124,1.1081428975200998,9.241879701780501,4.801513671875,4.816042900085449,1.0030259683098592,0.2882061004638672
rib_flipper_vansh_rollAmpAndFrequency_5_rib_flipper.bag,rib_flipper,rollAmpAndFrequency,5,Net,87780,0.06501010805368423,10.48958683013916,0.05153627063835968,7.29375689715532,0.15109300666407974,7.276718714882631,servo_activity,8.33997106552124,4.164557264159644,34.73228708379773,7.276718714882631,7.29375689715532,1.0023414650119487,0.6213114261627197
rib_flipper_vansh_rollAmpAndFrequency_6_rib_flipper.bag,rib_flipper,rollAmpAndFrequency,6,Fx,89660,-4.842679023742676,2.1190507411956787,-1.5353854894638062,0.3827715516090393,-1.5118480920791626,0.37563613057136536,servo_activity,8.439860820770264,0.3891159593070484,3.284084539691994,1.5118480920791626,1.5353854894638062,1.0155686259141776,3.5703115463256836
rib_flipper_vansh_rollAmpAndFrequency_6_rib_flipper.bag,rib_flipper,rollAmpAndFrequency,6,Fy,89660,-7.985949993133545,7.2356696128845215,-5.751992702484131,5.946946144104004,-5.7431840896606445,5.859127998352051,servo_activity,8.439860820770264,3.133079915944679,26.44275843092369,5.859127998352051,5.946946144104004,1.0149882620377388,8.92951250076294
rib_flipper_vansh_rollAmpAndFrequency_6_rib_flipper.bag,rib_flipper,rollAmpAndFrequency,6,Fz,89660,-5.2939324378967285,2.2671854496002197,-3.3321027755737305,0.9108692407608032,-3.325597047805786,0.9016234874725342,servo_activity,8.439860820770264,1.1337972792203954,9.569091235588138,3.325597047805786,3.3321027755737305,1.001956258582872,4.717212677001953
rib_flipper_vansh_rollAmpAndFrequency_6_rib_flipper.bag,rib_flipper,rollAmpAndFrequency,6,Net,89660,0.08329775184392929,8.188996315002441,0.17043087700488213,6.261930789236409,0.21957767386142063,6.225350499031905,servo_activity,8.439860820770264,3.475523047240516,29.332930798089308,6.225350499031905,6.261930789236409,1.005876020990335,4.862060070037842
rib_flipper_vansh_rollAmpAndFrequency_7_rib_flipper.bag,rib_flipper,rollAmpAndFrequency,7,Fx,88640,-5.013866424560547,2.7714977264404297,-1.5981355905532837,0.7191952466964722,-1.5484471321105957,0.7016703918576228,servo_activity,8.464063882827759,0.4231375929890277,3.5814636182851016,1.5484471321105957,1.5981355905532837,1.0320892185546953,7.576674699783325
rib_flipper_vansh_rollAmpAndFrequency_7_rib_flipper.bag,rib_flipper,rollAmpAndFrequency,7,Fy,88640,-7.406383991241455,7.533872127532959,-5.9369025230407715,6.473010063171387,-5.930858135223389,6.44070291519165,servo_activity,8.464063882827759,3.537965034143248,29.945562064199343,6.44070291519165,6.473010063171387,1.005016090387205,1.0199313163757324
rib_flipper_vansh_rollAmpAndFrequency_7_rib_flipper.bag,rib_flipper,rollAmpAndFrequency,7,Fz,88640,-6.174968242645264,2.418186664581299,-3.7048566341400146,1.1693414449691772,-3.693047285079956,1.1693414449691772,servo_activity,8.464063882827759,1.411652127246403,11.948313785343256,3.693047285079956,3.7048566341400146,1.0031977248457578,8.682687759399414
rib_flipper_vansh_rollAmpAndFrequency_7_rib_flipper.bag,rib_flipper,rollAmpAndFrequency,7,Net,88640,0.021784082055091858,7.972686767578125,0.073480264597922,6.76542150510291,0.1833159439378075,6.715037629570237,servo_activity,8.464063882827759,3.978422984000297,33.67362628948875,6.715037629570237,6.76542150510291,1.0075031412051665,0.8949236869812012
rib_flipper_vansh_rollAmpAndFrequency_8_rib_flipper.bag,rib_flipper,rollAmpAndFrequency,8,Fx,88160,-4.842345714569092,2.66717267036438,-1.5921790599822998,0.702115535736084,-1.5822219848632812,0.5872613787651062,servo_activity,8.439972877502441,0.35337428211824884,2.9824693566849163,1.5822219848632812,1.5921790599822998,1.006293096173783,0.9889914989471436
rib_flipper_vansh_rollAmpAndFrequency_8_rib_flipper.bag,rib_flipper,rollAmpAndFrequency,8,Fy,88160,-8.519997596740723,7.827920436859131,-5.869680881500244,6.483942985534668,-5.869680881500244,6.4776716232299805,servo_activity,8.439972877502441,4.009214654045456,33.83766294022898,6.4776716232299805,6.483942985534668,1.0009681506981918,3.23195481300354
rib_flipper_vansh_rollAmpAndFrequency_8_rib_flipper.bag,rib_flipper,rollAmpAndFrequency,8,Fz,88160,-6.540643692016602,4.9526872634887695,-3.032672882080078,0.07433699816465378,-3.032672882080078,0.034038759768009186,servo_activity,8.439972877502441,1.0157357407510432,8.572782102648656,3.032672882080078,3.032672882080078,1.0,2.988555669784546
rib_flipper_vansh_rollAmpAndFrequency_8_rib_flipper.bag,rib_flipper,rollAmpAndFrequency,8,Net,88160,0.06062544137239456,8.99959945678711,0.19363617548546036,6.562805700691062,0.3662813477530195,6.548525729235684,servo_activity,8.439972877502441,4.244722529822421,35.82534302422478,6.548525729235684,6.562805700691062,1.0021806391309764,3.23195481300354
rib_flipper_vansh_rollAmpAndFrequency_9_rib_flipper.bag,rib_flipper,rollAmpAndFrequency,9,Fx,86800,-6.352882385253906,2.6263926029205322,-1.7340013980865479,0.622927188873291,-1.7340013980865479,0.622927188873291,servo_activity,8.380038976669312,0.39435112863319544,3.304677828439711,1.7340013980865479,1.7340013980865479,1.0,3.4976608753204346
rib_flipper_vansh_rollAmpAndFrequency_9_rib_flipper.bag,rib_flipper,rollAmpAndFrequency,9,Fy,86800,-10.075570106506348,7.598567008972168,-5.153671741485596,6.335946083068848,-5.153671741485596,6.335946083068848,servo_activity,8.380038976669312,3.804651639636672,31.883129032804113,6.335946083068848,6.335946083068848,1.0,8.154493570327759
rib_flipper_vansh_rollAmpAndFrequency_9_rib_flipper.bag,rib_flipper,rollAmpAndFrequency,9,Fz,86800,-6.999330520629883,6.897469997406006,-3.7162864208221436,0.32919034361839294,-2.597468137741089,0.2851127088069916,servo_activity,8.380038976669312,0.8956709035804294,7.50575708227262,2.597468137741089,3.7162864208221436,1.4307341702578285,8.791832685470581
rib_flipper_vansh_rollAmpAndFrequency_9_rib_flipper.bag,rib_flipper,rollAmpAndFrequency,9,Net,86800,0.06880982220172882,12.38175106048584,0.3004455494588504,6.780252564417916,0.4051843115809339,6.7247472259275245,servo_activity,8.380038976669312,4.022297783894007,33.70701220480237,6.7247472259275245,6.780252564417916,1.0082538921725397,8.154493570327759
rib_flipper_vansh_rollAmpAndFrequency_10_rib_flipper.bag,rib_flipper,rollAmpAndFrequency,10,Fx,85740,-5.162078380584717,2.587186574935913,-2.69695782661438,0.8943443894386292,-2.693709373474121,0.8870866298675537,servo_activity,8.294842004776001,0.7250548228204047,6.014215200096114,2.693709373474121,2.69695782661438,1.0012059404671667,5.442626953125
rib_flipper_vansh_rollAmpAndFrequency_10_rib_flipper.bag,rib_flipper,rollAmpAndFrequency,10,Fy,85740,-8.495538711547852,8.06794548034668,-7.3590874671936035,7.249401569366455,-7.344874382019043,7.22181872606277,servo_activity,8.294842004776001,4.49042957845453,37.24740388685323,7.344874382019043,7.3590874671936035,1.0019351025538783,7.78959059715271
rib_flipper_vansh_rollAmpAndFrequency_10_rib_flipper.bag,rib_flipper,rollAmpAndFrequency,10,Fz,85740,-6.599249839782715,4.112952709197998,-5.498847961425781,2.3389692306518555,-5.477080821990967,2.338095188140869,servo_activity,8.294842004776001,1.952658966257311,16.196997614313627,5.477080821990967,5.498847961425781,1.0039742227917137,2.4354841709136963
rib_flipper_vansh_rollAmpAndFrequency_10_rib_flipper.bag,rib_flipper,rollAmpAndFrequency,10,Net,85740,0.029421597719192505,8.834526062011719,0.061216069422457886,7.576968616089429,0.3856359587159843,7.549189067261973,servo_activity,8.294842004776001,5.271685756053858,43.727800445294875,7.549189067261973,7.576968616089429,1.003679805682431,7.8590168952941895
rib_flipper_vansh_rollAmpAndFrequency_11_rib_flipper.bag,rib_flipper,rollAmpAndFrequency,11,Fx,85860,-5.770921230316162,2.6472363471984863,-2.7970032691955566,0.8597677946090698,-2.3476388454437256,0.8429263830184937,servo_activity,8.220662832260132,0.562416679664611,4.62343789476202,2.3476388454437256,2.7970032691955566,1.19141122350397,8.631991624832153
rib_flipper_vansh_rollAmpAndFrequency_11_rib_flipper.bag,rib_flipper,rollAmpAndFrequency,11,Fy,85860,-8.281596183776855,7.994687557220459,-6.949983596801758,6.892899036407471,-6.949983596801758,6.892686367034912,servo_activity,8.220662832260132,4.609292011786916,37.891435524330234,6.949983596801758,6.949983596801758,1.0,1.0480189323425293
rib_flipper_vansh_rollAmpAndFrequency_11_rib_flipper.bag,rib_flipper,rollAmpAndFrequency,11,Fz,85860,-7.945167541503906,5.868984222412109,-3.6017372608184814,0.8689166307449341,-3.6017372608184814,0.7968053817749023,servo_activity,8.220662832260132,1.2595591168625304,10.3544108170262,3.6017372608184814,3.6017372608184814,1.0,2.782961130142212
rib_flipper_vansh_rollAmpAndFrequency_11_rib_flipper.bag,rib_flipper,rollAmpAndFrequency,11,Net,85860,0.08398253470659256,9.847077369689941,0.15217586588366758,7.025882923546784,0.36198799651573493,7.007761715242658,servo_activity,8.220662832260132,4.987619875295715,41.00154133028539,7.007761715242658,7.025882923546784,1.0025858767807,1.0464658737182617
rib_flipper_vansh_rollAmpAndFrequency_12_rib_flipper.bag,rib_flipper,rollAmpAndFrequency,12,Fx,86980,-5.158878326416016,2.6076390743255615,-2.076603651046753,0.45946982502937317,-1.9465137720108032,0.4557189643383026,servo_activity,8.24056887626648,0.4583320136816904,3.7769165269418803,1.9465137720108032,2.076603651046753,1.0668322417783682,6.577289342880249
rib_flipper_vansh_rollAmpAndFrequency_12_rib_flipper.bag,rib_flipper,rollAmpAndFrequency,12,Fy,86980,-7.645212650299072,8.084064483642578,-5.9589619636535645,6.698117256164551,-5.821670055389404,6.698117256164551,servo_activity,8.24056887626648,4.289534037518559,35.348200683261126,6.698117256164551,6.698117256164551,1.0,8.24729299545288
rib_flipper_vansh_rollAmpAndFrequency_12_rib_flipper.bag,rib_flipper,rollAmpAndFrequency,12,Fz,86980,-7.053055286407471,6.0524091720581055,-2.8441572189331055,0.7909260988235474,-2.843492031097412,0.7684227824211121,servo_activity,8.24056887626648,1.034061241251811,8.521252880813158,2.843492031097412,2.8441572189331055,1.0002339334270745,7.119282245635986
rib_flipper_vansh_rollAmpAndFrequency_12_rib_flipper.bag,rib_flipper,rollAmpAndFrequency,12,Net,86980,0.4665772616863251,9.465081214904785,0.278364568546626,7.128522542932449,0.609358621327594,7.0490795785862765,servo_activity,8.24056887626648,4.5569736384486825,37.55205513496703,7.0490795785862765,7.128522542932449,1.0112699769467073,8.231560945510864
rib_flipper_vansh_experimental_sinusoidalYaw_1_rib_flipper.bag,rib_flipper,experimental_sinusoidalYaw,1,Fx,86380,-5.733821868896484,3.763765573501587,-3.9876325130462646,3.1381278038024902,-3.9598422050476074,3.129099130630493,servo_activity,8.213174819946289,2.2155520748296906,18.19671651327097,3.9598422050476074,3.9876325130462646,1.0070180341941992,0.0
rib_flipper_vansh_experimental_sinusoidalYaw_1_rib_flipper.bag,rib_flipper,experimental_sinusoidalYaw,1,Fy,86380,-12.242864608764648,4.433683395385742,-6.6181640625,2.382688045501709,-6.591436347961426,2.382688045501709,servo_activity,8.213174819946289,2.7642152061302303,22.70298272790145,6.591436347961424,6.6181640625,1.0040549150636708,5.618626832962036
rib_flipper_vansh_experimental_sinusoidalYaw_1_rib_flipper.bag,rib_flipper,experimental_sinusoidalYaw,1,Fz,86380,-8.164249420166016,4.200951099395752,-4.261916637420654,0.9860926270484924,-4.252323627471924,0.9681261777877808,servo_activity,8.213174819946289,1.1219046926935738,9.21439937241044,4.252323627471924,4.261916637420654,1.0022559454051791,1.229060411453247
rib_flipper_vansh_experimental_sinusoidalYaw_1_rib_flipper.bag,rib_flipper,experimental_sinusoidalYaw,1,Net,86380,0.04064101725816727,12.71660327911377,0.12409925397207795,7.554555899765662,0.2547879952707001,7.546550978769171,servo_activity,8.213174819946289,3.984495640886189,32.7253592679122,7.546550978769171,7.554555899765662,1.001060739007662,1.5884878635406494
rib_flipper_vansh_experimental_sinusoidalYaw_2_rib_flipper.bag,rib_flipper,experimental_sinusoidalYaw,2,Fx,87740,-4.600422382354736,3.6109817028045654,-3.7776124477386475,3.1692054271698,-3.7776124477386475,3.1692054271698,servo_activity,8.32002854347229,1.8361406395177646,15.276742530617266,3.7776124477386475,3.7776124477386475,1.0,0.04443359375
rib_flipper_vansh_experimental_sinusoidalYaw_2_rib_flipper.bag,rib_flipper,experimental_sinusoidalYaw,2,Fy,87740,-8.603472709655762,5.863857746124268,-6.352370262145996,2.958989143371582,-6.3335676193237305,2.958989143371582,servo_activity,8.32002854347229,2.4694220168548666,20.5456616661114,6.3335676193237305,6.352370262145996,1.0029687285195943,1.6877079010009766
rib_flipper_vansh_experimental_sinusoidalYaw_2_rib_flipper.bag,rib_flipper,experimental_sinusoidalYaw,2,Fz,87740,-6.742531776428223,3.133859634399414,-3.9425957202911377,0.7681513428688049,-3.920436382293701,0.7681513428688049,servo_activity,8.32002854347229,1.026749925654965,8.54258868845736,3.920436382293701,3.9425957202911377,1.0056522631249718,1.4136803150177002
rib_flipper_vansh_experimental_sinusoidalYaw_2_rib_flipper.bag,rib_flipper,experimental_sinusoidalYaw,2,Net,87740,0.04155975952744484,8.888223648071289,0.1292262721697821,7.071550295488437,0.21278216265761565,7.019589822975063,servo_activity,8.32002854347229,3.574281445509435,29.738123649041896,7.019589822975063,7.071550295488437,1.0074022092207306,7.726322650909424
rib_flipper_vansh_experimental_sinusoidalYaw_3_rib_flipper.bag,rib_flipper,experimental_sinusoidalYaw,3,Fx,87780,-5.473302364349365,3.656259775161743,-3.2521445751190186,1.4759292602539062,-3.2271454334259033,1.4754512310028076,servo_activity,8.279828548431396,1.2950509442874614,10.72279978018436,3.2271454334259033,3.2521445751190186,1.0077465184661902,0.3594319820404053
rib_flipper_vansh_experimental_sinusoidalYaw_3_rib_flipper.bag,rib_flipper,experimental_sinusoidalYaw,3,Fy,87780,-10.132209777832031,8.456570625305176,-6.471117973327637,6.722201824188232,-6.451632976531982,6.722201824188232,servo_activity,8.279828548431396,3.0029283445948054,24.863731836469903,6.722201824188232,6.722201824188232,1.0,7.160150766372681
rib_flipper_vansh_experimental_sinusoidalYaw_3_rib_flipper.bag,rib_flipper,experimental_sinusoidalYaw,3,Fz,87780,-8.655128479003906,2.6679368019104004,-4.330859184265137,0.6582522392272949,-4.288447380065918,0.6565649509429932,servo_activity,8.279828548431396,1.155414073819766,9.56663043367232,4.288447380065918,4.330859184265137,1.0098897807155947,1.5797936916351318
rib_flipper_vansh_experimental_sinusoidalYaw_3_rib_flipper.bag,rib_flipper,experimental_sinusoidalYaw,3,Net,87780,0.0156821571290493,10.281902313232422,0.05703285514092543,7.342658305248287,0.12905015553214347,7.328815586217572,servo_activity,8.279828548431396,3.8042829507433655,31.49881058187575,7.328815586217572,7.342658305248287,1.0018888071159475,7.262495040893555
rib_flipper_vansh_experimental_sinusoidalYaw_4_rib_flipper.bag,rib_flipper,experimental_sinusoidalYaw,4,Fx,85840,-4.132047653198242,5.185808181762695,-2.8401167392730713,2.475346326828003,-2.8401167392730713,2.282268970012652,servo_activity,8.16007924079895,0.9927832256057544,8.101189789878937,2.8401167392730713,2.8401167392730713,1.0,0.32108473777770996
rib_flipper_vansh_experimental_sinusoidalYaw_4_rib_flipper.bag,rib_flipper,experimental_sinusoidalYaw,4,Fy,85840,-8.82783031463623,9.075651168823242,-6.862186431884766,6.566399574279785,-6.827527046203613,6.566399574279785,servo_activity,8.16007924079895,3.4179502770292003,27.890745101668998,6.827527046203613,6.862186431884766,1.0050764186573855,1.201807975769043
rib_flipper_vansh_experimental_sinusoidalYaw_4_rib_flipper.bag,rib_flipper,experimental_sinusoidalYaw,4,Fz,85840,-8.479808807373047,7.1793999671936035,-4.082000255584717,2.3008437156677246,-4.071320533752441,2.2871713638305664,servo_activity,8.16007924079895,1.2523107179168682,10.218954692303466,4.071320533752441,4.082000255584717,1.0026231591798624,0.8428621292114258
rib_flipper_vansh_experimental_sinusoidalYaw_4_rib_flipper.bag,rib_flipper,experimental_sinusoidalYaw,4,Net,85840,0.03670436143875122,9.396441459655762,0.3417105293498003,7.206226064912276,0.3643882906290536,7.184692651651373,servo_activity,8.16007924079895,4.10053697877073,33.46070667659548,7.184692651651373,7.206226064912276,1.0029971237887194,0.35875844955444336
rib_flipper_vansh_experimental_sinusoidalYaw_5_rib_flipper.bag,rib_flipper,experimental_sinusoidalYaw,5,Fx,87040,-5.257322788238525,4.94471549987793,-4.813635349273682,3.799889326095581,-4.138130781650543,3.7946949005126953,servo_activity,8.263181447982788,2.2425699929948664,18.53076276191807,4.13813078165054,4.813635349273682,1.163239057261914,0.0
rib_flipper_vansh_experimental_sinusoidalYaw_5_rib_flipper.bag,rib_flipper,experimental_sinusoidalYaw,5,Fy,87040,-6.548703193664551,7.361927032470703,-5.381706237792969,6.721996307373047,-5.377599716186523,6.625947940349578,servo_activity,8.263181447982788,3.152501185994879,26.04968931485662,6.625947940349578,6.721996307373047,1.014495792585174,8.675358295440674
rib_flipper_vansh_experimental_sinusoidalYaw_5_rib_flipper.bag,rib_flipper,experimental_sinusoidalYaw,5,Fz,87040,-7.715927600860596,3.1289174556732178,-4.211880207061768,1.7575156688690186,-4.206099510192871,1.7539204359054565,servo_activity,8.263181447982788,1.7926754449087638,14.813202478624389,4.206099510192871,4.211880207061768,1.0013743604626775,7.380316734313965
rib_flipper_vansh_experimental_sinusoidalYaw_5_rib_flipper.bag,rib_flipper,experimental_sinusoidalYaw,5,Net,87040,0.024290280416607857,8.184215545654297,0.05331379703205277,7.35639353759464,0.21172300059807905,7.260306348239658,servo_activity,8.263181447982788,4.537700948351424,37.49584629291139,7.260306348239658,7.35639353759464,1.0132345915924441,8.69570541381836
rib_flipper_vansh_experimental_sinusoidalYaw_6_rib_flipper.bag,rib_flipper,experimental_sinusoidalYaw,6,Fx,87360,-5.20415735244751,4.089362621307373,-4.427630424499512,3.2786405086517334,-4.4215168952941895,3.261868476867676,servo_activity,8.318760395050049,2.019213932669173,16.797356892221572,4.4215168952941895,4.427630424499512,1.0013826768844487,5.502289533615112
rib_flipper_vansh_experimental_sinusoidalYaw_6_rib_flipper.bag,rib_flipper,experimental_sinusoidalYaw,6,Fy,87360,-7.7101731300354,8.410072326660156,-5.162976264953613,6.13631010055542,-5.15455961227417,6.1255717277526855,servo_activity,8.318760395050049,3.228032172823185,26.853226193228863,6.1255717277526855,6.13631010055542,1.001753040088337,8.60163688659668
rib_flipper_vansh_experimental_sinusoidalYaw_6_rib_flipper.bag,rib_flipper,experimental_sinusoidalYaw,6,Fz,87360,-7.672865867614746,3.1768972873687744,-4.5162577629089355,1.8652489185333252,-4.512472152709961,1.8588440036773684,servo_activity,8.318760395050049,1.723071665775724,14.333820331088006,4.512472152709961,4.5162577629089355,1.0008389215646907,7.343140363693237
rib_flipper_vansh_experimental_sinusoidalYaw_6_rib_flipper.bag,rib_flipper,experimental_sinusoidalYaw,6,Net,87360,0.04570091515779495,8.708414077758789,0.040120632709895666,7.7806834529008855,0.2127312594662645,7.718706901254941,servo_activity,8.318760395050049,4.486772348985762,37.32438411834843,7.718706901254941,7.7806834529008855,1.0080293956538067,5.4821038246154785
rib_flipper_vansh_experimental_sinusoidalYaw_7_rib_flipper.bag,rib_flipper,experimental_sinusoidalYaw,7,Fx,87460,-5.38626766204834,5.410545349121094,-4.255685806274414,3.577056646347046,-4.242266654968262,3.577056646347046,servo_activity,8.400230646133423,1.7429715352503614,14.641362905748307,4.242266654968262,4.255685806274414,1.0031632031641473,5.590700387954712
rib_flipper_vansh_experimental_sinusoidalYaw_7_rib_flipper.bag,rib_flipper,experimental_sinusoidalYaw,7,Fy,87460,-8.975876808166504,7.526257514953613,-7.08014440536499,6.8517022132873535,-7.08014440536499,6.777620441913605,servo_activity,8.400230646133423,3.4264936815049722,28.783337232160605,7.08014440536499,7.08014440536499,1.0,3.8573951721191406
rib_flipper_vansh_experimental_sinusoidalYaw_7_rib_flipper.bag,rib_flipper,experimental_sinusoidalYaw,7,Fz,87460,-9.264396667480469,6.9894256591796875,-4.215980052947998,1.9836965799331665,-4.2150444984436035,1.974226713180542,servo_activity,8.400230646133423,1.5397035882829677,12.933865268256184,4.2150444984436035,4.215980052947998,1.0002219560208059,3.400338888168335
rib_flipper_vansh_experimental_sinusoidalYaw_7_rib_flipper.bag,rib_flipper,experimental_sinusoidalYaw,7,Net,87460,0.05263224244117737,10.13336181640625,0.09534816594008988,7.882484607156341,0.23392582775170684,7.859223704088447,servo_activity,8.400230646133423,4.485275156968377,37.677345829906656,7.859223704088447,7.882484607156341,1.0029596947413257,5.879225254058838
rib_flipper_vansh_experimental_sinusoidalYaw_8_rib_flipper.bag,rib_flipper,experimental_sinusoidalYaw,8,Fx,55180,-4.240972995758057,9.060543060302734,-3.535151720046997,7.598906993865967,-3.5257205963134766,7.598906993865967,servo_activity,5.301360607147217,2.375730117175236,12.594602056406039,7.598906993865967,7.598906993865967,1.0,5.901726245880127
rib_flipper_vansh_experimental_sinusoidalYaw_8_rib_flipper.bag,rib_flipper,experimental_sinusoidalYaw,8,Fy,55180,-22.60342788696289,7.7961297035217285,-21.088096618652344,6.774326801300049,-21.088096618652344,6.766483306884766,servo_activity,5.301360607147217,6.345072958089431,33.63751982949037,21.088096618652344,21.088096618652344,1.0,8.356000661849976
rib_flipper_vansh_experimental_sinusoidalYaw_8_rib_flipper.bag,rib_flipper,experimental_sinusoidalYaw,8,Fz,55180,-15.22202205657959,4.472823143005371,-14.20721435546875,2.168977975845337,-14.20721435546875,2.166179895401001,servo_activity,5.301360607147217,2.84267659247044,15.070053706182271,14.20721435546875,14.20721435546875,1.0,8.237634420394897
rib_flipper_vansh_experimental_sinusoidalYaw_8_rib_flipper.bag,rib_flipper,experimental_sinusoidalYaw,8,Net,55180,0.04187403991818428,26.404829025268555,0.3112593031397301,25.42665803071053,0.45101335479220284,25.274083943144287,servo_activity,5.301360607147217,7.812407088810736,41.4163871876189,25.274083943144287,25.42665803071053,1.0060367801226533,8.356000661849976
rib_flipper_vansh_yawPower_1_rib_flipper.bag,rib_flipper,yawPower,1,Fx,56560,-5.037533760070801,2.8111634254455566,-1.480051040649414,0.8062838315963745,-1.4575706720352173,0.7465461492538452,servo_activity,5.294384717941284,0.3909919597528101,2.0700618565531914,1.4575706720352173,1.480051040649414,1.0154231757303454,0.493196964263916
rib_flipper_vansh_yawPower_1_rib_flipper.bag,rib_flipper,yawPower,1,Fy,56560,-7.239081382751465,7.371625900268555,-6.075747966766357,6.685563564300537,-6.060248832702637,6.662755117416386,servo_activity,5.294384717941284,3.412225463919418,18.065634350345075,6.662755117416386,6.685563564300537,1.0034232755792765,5.672752857208252
rib_flipper_vansh_yawPower_1_rib_flipper.bag,rib_flipper,yawPower,1,Fz,56560,-5.000664710998535,2.5814554691314697,-3.818678617477417,1.1644244194030762,-3.818077564239502,1.1644244194030762,servo_activity,5.294384717941284,1.3854853101344542,7.335292252907995,3.818077564239502,3.818678617477417,1.000157423003541,5.306673049926758
rib_flipper_vansh_yawPower_1_rib_flipper.bag,rib_flipper,yawPower,1,Net,56560,0.036564476788043976,8.065279960632324,0.031680055867821647,6.705203396170499,0.11803313577264248,6.685171558071349,servo_activity,5.294384717941284,3.8304647431887657,20.279953998951488,6.685171558071349,6.705203396170499,1.0029964583444333,5.672752857208252
rib_flipper_vansh_yawPower_2_rib_flipper.bag,rib_flipper,yawPower,2,Fx,86580,-5.283107757568359,2.9444072246551514,-1.8588119745254517,1.2054967880249023,-1.8158916234970093,1.1920056343078613,servo_activity,8.13318920135498,0.7781354285734636,6.328722664865424,1.8158916234970093,1.8588119745254517,1.0236359650945397,5.389752149581909
rib_flipper_vansh_yawPower_2_rib_flipper.bag,rib_flipper,yawPower,2,Fy,86580,-7.8319196701049805,7.474316120147705,-5.766196250915527,6.401776313781738,-5.740923881530762,6.394592761993408,servo_activity,8.13318920135498,3.342158119974245,27.182404330595393,6.394592761993408,6.401776313781738,1.0011233790885052,6.78577184677124
rib_flipper_vansh_yawPower_2_rib_flipper.bag,rib_flipper,yawPower,2,Fz,86580,-6.148347854614258,2.7025952339172363,-3.9011223316192627,1.2063829898834229,-3.896428108215332,1.2051868438720703,servo_activity,8.13318920135498,1.3415957546617348,10.911452104398506,3.896428108215332,3.9011223316192627,1.0012047504210415,4.528209209442139
rib_flipper_vansh_yawPower_2_rib_flipper.bag,rib_flipper,yawPower,2,Net,86580,0.04525936767458916,8.64702320098877,0.018187979602088185,6.647506445788059,0.14875058629204282,6.614846138566047,servo_activity,8.13318920135498,3.8218875070228027,31.084134200911365,6.614846138566047,6.647506445788059,1.004937425079564,6.784085035324097
rib_flipper_vansh_yawPower_3_rib_flipper.bag,rib_flipper,yawPower,3,Fx,87800,-5.0091872215271,3.4503042697906494,-1.162302851676941,1.3104873895645142,-1.1374211311340332,1.1315983533859253,servo_activity,8.302902221679688,0.7051672844824276,5.85493501298498,1.1557458639144897,1.3104873895645142,1.1338888855080282,0.1364278793334961
rib_flipper_vansh_yawPower_3_rib_flipper.bag,rib_flipper,yawPower,3,Fy,87800,-9.235405921936035,8.228873252868652,-5.768020153045654,6.788407802581787,-5.717689514160156,6.7687835693359375,servo_activity,8.302902221679688,3.4252433046356603,28.4394602438529,6.7687835693359375,6.788407802581787,1.0028992259901397,1.0064947605133057
rib_flipper_vansh_yawPower_3_rib_flipper.bag,rib_flipper,yawPower,3,Fz,87800,-6.289432525634766,2.5555710792541504,-3.594759225845337,1.157431721687317,-3.57086181640625,1.145613670349121,servo_activity,8.302902221679688,1.1998681155035433,9.96238764193699,3.57086181640625,3.594759225845337,1.00669233665926,2.7056996822357178
rib_flipper_vansh_yawPower_3_rib_flipper.bag,rib_flipper,yawPower,3,Net,87800,0.014645418152213097,9.602743148803711,0.14961024832201283,6.976575264627351,0.20002782584179446,6.939835776731327,servo_activity,8.302902221679688,3.7960804338289393,31.518484667713093,6.939835776731327,6.976575264627351,1.0052939996100785,1.0054075717926025
rib_flipper_vansh_yawPower_4_rib_flipper.bag,rib_flipper,yawPower,4,Fx,87040,-5.293090343475342,3.0885653495788574,-2.4422662258148193,2.2506513595581055,-2.409881114959717,1.4013603764772398,servo_activity,8.325943946838379,0.961396433416954,8.004532815319894,2.409881114959717,2.4422662258148193,1.0134384682522581,0.7012429237365723
rib_flipper_vansh_yawPower_4_rib_flipper.bag,rib_flipper,yawPower,4,Fy,87040,-7.501396656036377,6.641566753387451,-6.044758319854736,3.8596231937408447,-6.027008056640625,3.807788610458374,servo_activity,8.325943946838379,2.6152557307567825,21.774472620928815,6.027008056640625,6.044758319854736,1.002945120206792,1.7294161319732666
rib_flipper_vansh_yawPower_4_rib_flipper.bag,rib_flipper,yawPower,4,Fz,87040,-4.987840175628662,2.1450436115264893,-3.4248533248901367,0.6774442195892334,-3.409898281097412,0.6696285009384155,servo_activity,8.325943946838379,0.7802050213186832,6.495943274541198,3.409898281097412,3.4248533248901367,1.0043857741668212,1.5012893676757812
rib_flipper_vansh_yawPower_4_rib_flipper.bag,rib_flipper,yawPower,4,Net,87040,0.03355540335178375,8.497422218322754,0.23370592643497962,6.328737190873754,0.2828870075829999,6.303815824716216,servo_activity,8.325943946838379,3.073264921217484,25.58783146784144,6.303815824716216,6.328737190873754,1.0039533778984826,1.6490440368652344
petg_thin_vansh_rollAmpAndFrequency_1_petg_thin.bag,petg_thin,rollAmpAndFrequency,1,Fx,52500,-5.615574359893799,1.4866938591003418,-2.4226174354553223,1.2387442588806152,-2.3976519441604616,0.06901642557233245,servo_activity,4.824688196182251,0.5323428420346817,2.5683882262868414,2.397651944160461,2.4226174354553223,1.0104124751533121,2.062817096710205
petg_thin_vansh_rollAmpAndFrequency_1_petg_thin.bag,petg_thin,rollAmpAndFrequency,1,Fy,52500,-7.406980037689209,4.157558441162109,-4.444976806640625,3.206949234008789,-4.411633014678955,3.206949234008789,servo_activity,4.824688196182251,1.91365912738697,9.232808603420342,4.411633014678955,4.444976806640625,1.0075581517888554,0.3523142337799072
petg_thin_vansh_rollAmpAndFrequency_1_petg_thin.bag,petg_thin,rollAmpAndFrequency,1,Fz,52500,-4.6506547927856445,2.0585339069366455,-2.5663206577301025,0.7152128219604492,-2.428149700164795,0.7100284504890428,servo_activity,4.824688196182251,0.8228926432379164,3.970200422555188,2.428149700164795,2.5663206577301025,1.05690380521264,0.0
petg_thin_vansh_rollAmpAndFrequency_1_petg_thin.bag,petg_thin,rollAmpAndFrequency,1,Net,52500,0.015674008056521416,8.154871940612793,0.05454091294574464,5.005108049139741,0.07190417538989272,4.980173108365828,servo_activity,4.824688196182251,2.2941594245576917,11.06860389582376,4.980173108365828,5.005108049139741,1.005006842178242,0.27802586555480957
petg_thin_vansh_rollAmpAndFrequency_2_petg_thin.bag,petg_thin,rollAmpAndFrequency,2,Fx,86940,-5.123391628265381,1.8709359169006348,-1.9844391345977783,0.2110183835029602,-1.9844391345977783,0.1902836114168167,servo_activity,8.200419425964355,0.41874723406928027,3.433902952830569,1.9844391345977783,1.9844391345977783,1.0,3.8096261024475098
petg_thin_vansh_rollAmpAndFrequency_2_petg_thin.bag,petg_thin,rollAmpAndFrequency,2,Fy,86940,-6.982257843017578,5.550308704376221,-2.89013409614563,4.005862712860107,-2.8859174251556396,3.9665238857269287,servo_activity,8.200419425964355,2.041699247544366,16.742790171539625,3.9665238857269287,4.005862712860107,1.0099177083679578,5.972309350967407
petg_thin_vansh_rollAmpAndFrequency_2_petg_thin.bag,petg_thin,rollAmpAndFrequency,2,Fz,86940,-4.731049060821533,3.6380341053009033,-3.4901280403137207,0.43095406889915466,-3.4884836673736572,0.410228431224823,servo_activity,8.200419425964355,1.080738302481427,8.862507370052436,3.4884836673736572,3.4901280403137207,1.000471371832823,1.8780815601348877
petg_thin_vansh_rollAmpAndFrequency_2_petg_thin.bag,petg_thin,rollAmpAndFrequency,2,Net,86940,0.016763709485530853,7.018779754638672,0.09054211620447827,5.178860279067799,0.12020018274293472,5.124877540854488,servo_activity,8.200419425964355,2.4981714658638094,20.486053818059432,5.124877540854488,5.178860279067799,1.0105334689039829,5.972309350967407
petg_thin_vansh_rollAmpAndFrequency_3_petg_thin.bag,petg_thin,rollAmpAndFrequency,3,Fx,86420,-4.236851215362549,2.1956145763397217,-1.8505686521530151,0.043111369013786316,-1.6495184898376465,0.012364039197564125,servo_activity,8.159638404846191,0.5869572881623148,4.789359230493597,1.6495184898376465,1.8505686521530151,1.1218841519837446,8.642181634902954
petg_thin_vansh_rollAmpAndFrequency_3_petg_thin.bag,petg_thin,rollAmpAndFrequency,3,Fy,86420,-6.591332912445068,5.191558837890625,-2.977238178253174,3.476062774658203,-2.977238178253174,3.4607741832733154,servo_activity,8.159638404846191,1.8424914828455004,15.034064264028153,3.4607741832733154,3.476062774658203,1.0044176795639488,7.4834208488464355
petg_thin_vansh_rollAmpAndFrequency_3_petg_thin.bag,petg_thin,rollAmpAndFrequency,3,Fz,86420,-4.603496074676514,3.5511348247528076,-3.5191636085510254,0.4980689287185669,-3.5191636085510254,0.48424696922302246,servo_activity,8.159638404846191,1.202283324035386,9.810197184305274,3.5191636085510254,3.5191636085510254,1.0,8.465126991271973
petg_thin_vansh_rollAmpAndFrequency_3_petg_thin.bag,petg_thin,rollAmpAndFrequency,3,Net,86420,0.019968245178461075,7.033571720123291,0.2607053446525693,4.853453136054101,0.3291745514129816,4.844879881214777,servo_activity,8.159638404846191,2.4255717803671875,19.791788652795255,4.844879881214777,4.853453136054101,1.0017695495140273,8.509155750274658
petg_thin_vansh_rollAmpAndFrequency_4_petg_thin.bag,petg_thin,rollAmpAndFrequency,4,Fx,82160,-4.643519878387451,1.4513131380081177,-1.9644989967346191,0.1674145758152008,-1.9644989967346191,0.13764025613665642,servo_activity,7.7746312618255615,0.5740483997282217,4.463014634327969,1.9644989967346191,1.9644989967346191,1.0,8.16044569015503
petg_thin_vansh_rollAmpAndFrequency_4_petg_thin.bag,petg_thin,rollAmpAndFrequency,4,Fy,82160,-6.266595840454102,5.99907112121582,-4.834951400756836,4.160830974578857,-3.9056379795074463,4.150456428527832,servo_activity,7.7746312618255615,2.1821283107956737,16.96524298242665,4.157625675201416,4.834951400756836,1.1629116660490622,8.208773612976074
petg_thin_vansh_rollAmpAndFrequency_4_petg_thin.bag,petg_thin,rollAmpAndFrequency,4,Fz,82160,-4.7264723777771,2.871159553527832,-3.7365663051605225,1.4402568340301514,-3.7259111404418945,0.9574649620056165,servo_activity,7.7746312618255615,1.4333396236253775,11.143687046651143,3.7259111404418945,3.7365663051605225,1.0028597474059364,7.70001482963562
petg_thin_vansh_rollAmpAndFrequency_4_petg_thin.bag,petg_thin,rollAmpAndFrequency,4,Net,82160,0.030088117346167564,7.541921615600586,0.2467982344136338,5.618073787848875,0.32451520372663306,5.6037103971150914,servo_activity,7.7746312618255615,2.8145691390482654,21.8822372170141,5.6037103971150914,5.618073787848875,1.0025631929053969,7.709599256515503
petg_thin_vansh_rollAmpAndFrequency_5_petg_thin.bag,petg_thin,rollAmpAndFrequency,5,Fx,84920,-5.092672348022461,1.6817656755447388,-2.752549648284912,0.14262859523296356,-2.106604814529419,0.11994154751300812,servo_activity,8.000549793243408,0.6240584096471632,4.992810380274421,2.106604814529419,2.752549648284912,1.3066283857799816,8.491190910339355
petg_thin_vansh_rollAmpAndFrequency_5_petg_thin.bag,petg_thin,rollAmpAndFrequency,5,Fy,84920,-6.472186088562012,6.106540679931641,-3.6663761138916016,4.977356433868408,-3.650716543197632,4.967440605163574,servo_activity,8.000549793243408,2.4153924423483404,19.324467505231706,4.967440605163574,4.977356433868408,1.0019961645227375,6.967607498168945
petg_thin_vansh_rollAmpAndFrequency_5_petg_thin.bag,petg_thin,rollAmpAndFrequency,5,Fz,84920,-6.290139675140381,3.371145486831665,-3.927917242050171,0.6202059984207153,-3.919750920534134,0.5838171243667603,servo_activity,8.000549793243408,1.3355575578802599,10.685194743563585,3.9197509205341334,3.927917242050171,1.002083377663937,8.169038772583008
petg_thin_vansh_rollAmpAndFrequency_5_petg_thin.bag,petg_thin,rollAmpAndFrequency,5,Net,84920,0.046206649392843246,8.28055477142334,0.02999849168107883,6.179059142888431,0.08885361686089965,6.124647343333402,servo_activity,8.000549793243408,3.009645098441178,24.078815470069603,6.124647343333402,6.179059142888431,1.0088840706255937,6.92666482925415
petg_thin_vansh_rollAmpAndFrequency_6_petg_thin.bag,petg_thin,rollAmpAndFrequency,6,Fx,85300,-3.7423770427703857,1.1134729385375977,-2.3122899532318115,0.1496017873287201,-2.2837002277374268,0.13931478559970856,servo_activity,7.980417013168335,0.5881925433561371,4.69402178001807,2.2837002277374268,2.3122899532318115,1.012519036056983,1.5614540576934814
petg_thin_vansh_rollAmpAndFrequency_6_petg_thin.bag,petg_thin,rollAmpAndFrequency,6,Fy,85300,-6.432564735412598,5.134703636169434,-5.143357276916504,4.065845012664795,-5.143357276916504,4.053256034851074,servo_activity,7.980417013168335,2.246443901690747,17.92755913218109,5.143357276916504,5.143357276916504,1.0,0.0
petg_thin_vansh_rollAmpAndFrequency_6_petg_thin.bag,petg_thin,rollAmpAndFrequency,6,Fz,85300,-4.364706039428711,1.84490168094635,-3.268045425415039,1.0554074048995972,-3.254002332687378,1.0554074048995972,servo_activity,7.980417013168335,1.0242711284133654,8.17411073928715,3.254002332687378,3.268045425415039,1.0043156369577841,2.535083770751953
petg_thin_vansh_rollAmpAndFrequency_6_petg_thin.bag,petg_thin,rollAmpAndFrequency,6,Net,85300,0.024957116693258286,6.640315532684326,0.1025534761942464,5.682007931900077,0.1813400418952156,5.3702984740180515,servo_activity,7.980417013168335,2.7154457803394387,21.67038970375702,5.3702984740180515,5.682007931900077,1.0580432278373542,0.0
petg_thin_vansh_rollAmpAndFrequency_7_petg_thin.bag,petg_thin,rollAmpAndFrequency,7,Fx,84160,-4.946553707122803,1.7268078327178955,-2.292156219482422,0.16009454429149628,-2.266432762145996,0.16009454429149628,servo_activity,7.999548673629761,0.707653293418817,5.6609069647582295,2.266432762145996,2.292156219482422,1.0113497553362534,7.434628963470459
petg_thin_vansh_rollAmpAndFrequency_7_petg_thin.bag,petg_thin,rollAmpAndFrequency,7,Fy,84160,-6.391397476196289,6.022287368774414,-4.756892204284668,5.01101541519165,-4.756892204284668,4.967041015625,servo_activity,7.999548673629761,2.5494736093338077,20.39463823000034,4.967041015625,5.01101541519165,1.008853238664291,4.660835027694702
petg_thin_vansh_rollAmpAndFrequency_7_petg_thin.bag,petg_thin,rollAmpAndFrequency,7,Fz,84160,-5.4475226402282715,2.286020040512085,-4.3579182624816895,1.1005409955978394,-4.342984199523926,1.0987075567245483,servo_activity,7.999548673629761,1.4160965685192677,11.328133426429963,4.342984199523926,4.3579182624816895,1.0034386638936887,4.401075839996338
petg_thin_vansh_rollAmpAndFrequency_7_petg_thin.bag,petg_thin,rollAmpAndFrequency,7,Net,84160,0.031402587890625,7.341073036193848,0.06764672852704122,6.05788579141866,0.12725493371360203,6.017655909980972,servo_activity,7.999548673629761,3.252792709327194,26.020873603490912,6.017655909980972,6.05788579141866,1.0066853077077675,8.416529655456543
petg_thin_vansh_rollAmpAndFrequency_8_petg_thin.bag,petg_thin,rollAmpAndFrequency,8,Fx,56040,-4.506187438964844,1.2042089700698853,-1.7164744138717651,0.165819451212883,-1.7060763835906982,0.15405674278736115,servo_activity,5.39871072769165,0.6041611349600252,3.261691200563051,1.7060763835906982,1.7164744138717651,1.006094703836872,7.525322437286377
petg_thin_vansh_rollAmpAndFrequency_8_petg_thin.bag,petg_thin,rollAmpAndFrequency,8,Fy,56040,-6.775227069854736,7.275792598724365,-4.533454418182373,5.5170674324035645,-4.533454418182373,5.5170674324035645,servo_activity,5.39871072769165,2.765648656590402,14.930937071360606,5.5170674324035645,5.5170674324035645,1.0,3.0252561569213867
petg_thin_vansh_rollAmpAndFrequency_8_petg_thin.bag,petg_thin,rollAmpAndFrequency,8,Fz,56040,-5.811742305755615,4.568069934844971,-4.269842147827148,0.7408729195594788,-4.269842147827148,0.6907917857170105,servo_activity,5.39871072769165,1.5254840104335625,8.235646892049756,4.269842147827148,4.269842147827148,1.0,2.9184963703155518
petg_thin_vansh_rollAmpAndFrequency_8_petg_thin.bag,petg_thin,rollAmpAndFrequency,8,Net,56040,0.04297574609518051,8.078665733337402,0.020029244220020774,6.886016522768491,0.13860703574862943,6.78659992488428,servo_activity,5.39871072769165,3.3861169199408856,18.280665740903068,6.78659992488428,6.886016522768491,1.0146489551446347,3.001175880432129
petg_thin_vansh_rollAmpAndFrequency_9_petg_thin.bag,petg_thin,rollAmpAndFrequency,9,Fx,53640,-4.742311000823975,1.5544612407684326,-1.1968770027160645,0.13253463804721832,-1.1754423379898071,0.11540470272302628,servo_activity,5.145038366317749,0.5769554031920281,2.9684576850773103,1.1754423379898071,1.1968770027160645,1.0182354029912808,3.4414403438568115
petg_thin_vansh_rollAmpAndFrequency_9_petg_thin.bag,petg_thin,rollAmpAndFrequency,9,Fy,53640,-5.92559289932251,6.744762420654297,-3.434785842895508,4.349853038787842,-3.434785842895508,4.349853038787842,servo_activity,5.145038366317749,2.3391172386872965,12.034847936361372,4.349853038787842,4.349853038787842,1.0,4.941610813140869
petg_thin_vansh_rollAmpAndFrequency_9_petg_thin.bag,petg_thin,rollAmpAndFrequency,9,Fz,53640,-5.1922607421875,4.7905426025390625,-4.263935565948486,0.7509579658508301,-4.258455753326416,0.6726335287094116,servo_activity,5.145038366317749,1.6910701175535554,8.700620634946509,4.258455753326416,4.263935565948486,1.001286807457795,7.9612367153167725
petg_thin_vansh_rollAmpAndFrequency_9_petg_thin.bag,petg_thin,rollAmpAndFrequency,9,Net,53640,0.05119970813393593,7.9552812576293945,0.26155973911868047,6.057478603257271,0.35654341687946517,6.052695141608685,servo_activity,5.145038366317749,3.098391608543207,15.941343699831764,6.052695141608685,6.057478603257271,1.0007903027554954,7.963265657424927
petg_thin_vansh_rollAmpAndFrequency_10_petg_thin.bag,petg_thin,rollAmpAndFrequency,10,Fx,55200,-5.239254951477051,0.8787112236022949,-2.3969056606292725,0.03736113756895065,-2.3842201232910156,0.03655971959233284,servo_activity,5.018793821334839,0.9337911944352828,4.6865054770486765,2.3842201232910156,2.3969056606292725,1.0053206233830232,4.703049182891846
petg_thin_vansh_rollAmpAndFrequency_10_petg_thin.bag,petg_thin,rollAmpAndFrequency,10,Fy,55200,-7.694552898406982,7.5898051261901855,-5.502535820007324,6.056159496307373,-5.502535820007324,6.044192790985107,servo_activity,5.018793821334839,3.026705160687682,15.190409159461609,6.044192790985107,6.056159496307373,1.0019798682365184,1.927475929260254
petg_thin_vansh_rollAmpAndFrequency_10_petg_thin.bag,petg_thin,rollAmpAndFrequency,10,Fz,55200,-5.89343786239624,2.9175360202789307,-4.968188762664795,1.5329108238220215,-4.961697578430176,1.529642105102539,servo_activity,5.018793821334839,1.6859566017983383,8.461468576144181,4.961697578430176,4.968188762664795,1.0013082587424993,1.6318235397338867
petg_thin_vansh_rollAmpAndFrequency_10_petg_thin.bag,petg_thin,rollAmpAndFrequency,10,Net,55200,0.02191830798983574,8.267287254333496,0.07767475482350948,7.016582469577762,0.1217832505390295,6.978474394934027,servo_activity,5.018793821334839,3.8516623583418634,19.33069924591412,6.978474394934027,7.016582469577762,1.0054608031049594,1.8364129066467285
petg_thin_vansh_rollAmpAndFrequency_11_petg_thin.bag,petg_thin,rollAmpAndFrequency,11,Fx,86780,-4.506810665130615,1.4726972579956055,-2.9327993392944336,0.21224528551101685,-1.8602380752563477,0.17581318318843842,servo_activity,8.239153146743774,0.7142557724983961,5.884862695560066,1.8602380752563477,2.9327993392944336,1.5765720411298876,8.643035411834717
petg_thin_vansh_rollAmpAndFrequency_11_petg_thin.bag,petg_thin,rollAmpAndFrequency,11,Fy,86780,-7.792233943939209,7.644391059875488,-6.447136402130127,6.003396034240723,-6.447136402130127,6.003396034240723,servo_activity,8.239153146743774,3.263275422487963,26.88662596588332,6.447136402130127,6.447136402130127,1.0,5.043570518493652
petg_thin_vansh_rollAmpAndFrequency_11_petg_thin.bag,petg_thin,rollAmpAndFrequency,11,Fz,86780,-5.669342994689941,2.4411563873291016,-4.51386022567749,0.6135967373847961,-4.505547046661377,0.5484441733360281,servo_activity,8.239153146743774,1.7619441935949156,14.516928047044471,4.505547046661377,4.51386022567749,1.0018450987038907,4.331683874130249
petg_thin_vansh_rollAmpAndFrequency_11_petg_thin.bag,petg_thin,rollAmpAndFrequency,11,Net,86780,0.03151335567235947,8.38791561126709,0.13896628890343987,7.1740842191094245,0.4773869193363931,7.08982024571967,servo_activity,8.239153146743774,4.028628333354746,33.19248580982088,7.08982024571967,7.1740842191094245,1.0118852058965284,3.128450632095337
petg_thin_vansh_rollAmpAndFrequency_12_petg_thin.bag,petg_thin,rollAmpAndFrequency,12,Fx,86720,-5.325680255889893,3.618673801422119,-3.630389928817749,0.48285815119743347,-2.0355300903320312,0.39099839329719543,servo_activity,8.0688796043396,0.4936933783125494,3.983552431063644,2.0355300903320312,3.630389928817749,1.7835108142398266,8.671462297439575
petg_thin_vansh_rollAmpAndFrequency_12_petg_thin.bag,petg_thin,rollAmpAndFrequency,12,Fy,86720,-7.845911502838135,6.917786121368408,-5.38378381729126,4.9843974113464355,-5.38378381729126,4.9843974113464355,servo_activity,8.0688796043396,2.7841750831483867,22.465173543326525,5.38378381729126,5.38378381729126,1.0,0.7325007915496826
petg_thin_vansh_rollAmpAndFrequency_12_petg_thin.bag,petg_thin,rollAmpAndFrequency,12,Fz,86720,-6.2580132484436035,3.813477039337158,-3.696389675140381,0.3766125440597534,-3.6752769947052,0.34604957699775696,servo_activity,8.0688796043396,1.5690875654175813,12.660778654020799,3.6752769947052,3.696389675140381,1.0057445140776047,3.297614574432373
petg_thin_vansh_rollAmpAndFrequency_12_petg_thin.bag,petg_thin,rollAmpAndFrequency,12,Net,86720,0.04208102449774742,8.40173625946045,0.11268412359914357,6.157940839913518,0.12847547952562322,6.138108802941113,servo_activity,8.0688796043396,3.413223866109775,27.540892438298318,6.138108802941113,6.157940839913518,1.0032309686271614,7.288402318954468
petg_thin_vansh_yawPower_1_petg_thin.bag,petg_thin,yawPower,1,Fx,85620,-6.415890216827393,2.617884635925293,-2.632725715637207,0.13521268963813782,-2.5908396244049072,0.10112464427947998,servo_activity,8.31137228012085,0.791787959623333,6.580844499346816,2.5908396244049072,2.632725715637207,1.0161669949917955,3.9254419803619385
petg_thin_vansh_yawPower_1_petg_thin.bag,petg_thin,yawPower,1,Fy,85620,-8.668485641479492,6.3407135009765625,-5.132490158081055,5.203088760375977,-5.132490158081055,5.191446788311004,servo_activity,8.31137228012085,2.60919349365304,21.685978476619553,5.191446788311004,5.203088760375977,1.0022425294026291,7.134510278701782
petg_thin_vansh_yawPower_1_petg_thin.bag,petg_thin,yawPower,1,Fz,85620,-6.281008243560791,4.816020488739014,-4.763182640075684,1.4427523612976074,-4.748979568481445,1.3815025091171265,servo_activity,8.31137228012085,1.584980457123037,13.173362635865683,4.748979568481445,4.763182640075684,1.0029907628342944,0.894305944442749
petg_thin_vansh_yawPower_1_petg_thin.bag,petg_thin,yawPower,1,Net,85620,0.01250473316758871,11.091606140136719,0.07053749219991483,6.400695680539373,0.1290882682334774,6.343786083777065,servo_activity,8.31137228012085,3.446179283003943,28.642478965085715,6.343786083777065,6.400695680539373,1.0089709198908587,1.0198805332183838
petg_thin_vansh_yawPower_2_petg_thin.bag,petg_thin,yawPower,2,Fx,85200,-4.845913410186768,1.2967747449874878,-2.402317523956299,0.47476547956466675,-2.37207377076149,0.46040078997612,servo_activity,8.255055665969849,0.684418056040498,5.649909151409182,2.372073770761493,2.402317523956299,1.0127499210048163,1.854902744293213
petg_thin_vansh_yawPower_2_petg_thin.bag,petg_thin,yawPower,2,Fy,85200,-6.816242218017578,6.504909515380859,-4.957091331481934,5.084394931793213,-4.951122760772705,5.063862323760986,servo_activity,8.255055665969849,2.540123862093816,20.96886388004277,5.063862323760986,5.084394931793213,1.0040547326762583,7.0093607902526855
petg_thin_vansh_yawPower_2_petg_thin.bag,petg_thin,yawPower,2,Fz,85200,-5.847258567810059,2.3682138919830322,-4.763028144836426,1.4733994007110596,-4.758763790130615,1.1810755521059038,servo_activity,8.255055665969849,1.5658112633523975,12.925859141376616,4.758763790130615,4.763028144836426,1.0008961055630992,6.8126091957092285
petg_thin_vansh_yawPower_2_petg_thin.bag,petg_thin,yawPower,2,Net,85200,0.00923863798379898,7.637044906616211,0.014052926222734569,6.447027379119816,0.1029120325202112,6.410506934998304,servo_activity,8.255055665969849,3.3759091784717943,27.868318191543203,6.410506934998304,6.447027379119816,1.005696966634905,6.90139627456665
petg_thin_vansh_yawPower_3_petg_thin.bag,petg_thin,yawPower,3,Fx,86680,-9.024592399597168,6.372386932373047,-2.640777349472046,0.30120155215263367,-2.6169002056121826,0.30049383640289307,servo_activity,8.240039587020874,0.916400546720974,7.551176782548398,2.6169002056121826,2.640777349472046,1.009124208790483,3.6167898178100586
petg_thin_vansh_yawPower_3_petg_thin.bag,petg_thin,yawPower,3,Fy,86680,-8.540188789367676,6.130601406097412,-5.774019241333008,4.86441707611084,-5.774019241333008,4.827328681945801,servo_activity,8.240039587020874,2.669136173589154,21.993787733524048,5.774019241333008,5.774019241333008,1.0,1.6856868267059326
petg_thin_vansh_yawPower_3_petg_thin.bag,petg_thin,yawPower,3,Fz,86680,-11.31247615814209,9.166895866394043,-3.9708073139190674,1.5613940954208374,-3.935403347015381,1.3234039127826687,servo_activity,8.240039587020874,1.1999389887040688,9.88754476893132,3.935403347015381,3.9708073139190674,1.0089962740237381,2.6217899322509766
petg_thin_vansh_yawPower_3_petg_thin.bag,petg_thin,yawPower,3,Net,86680,0.019492384046316147,13.418662071228027,0.09552584092994466,6.456495453656155,0.12751062878030808,6.3575162404345855,servo_activity,8.240039587020874,3.237541729220744,26.677472013410945,6.3575162404345855,6.456495453656155,1.0155688494497346,1.6856868267059326
petg_thin_vansh_yawPower_4_petg_thin.bag,petg_thin,yawPower,4,Fx,86040,-8.803995132446289,3.6100757122039795,-2.581592082977295,2.866236925125122,-2.560058832168579,2.301947081089014,servo_activity,5.214818954467773,1.1119542221411676,5.79863995412223,2.567516326904297,2.866236925125122,1.1163461338456213,0.0
petg_thin_vansh_yawPower_4_petg_thin.bag,petg_thin,yawPower,4,Fy,86040,-8.523143768310547,5.378292560577393,-5.795039653778076,2.9878368377685547,-5.795039653778076,2.9556920528411865,servo_activity,5.214818954467773,2.406023892079934,12.546978997320766,5.795039653778076,5.795039653778076,1.0,3.6627111434936523
petg_thin_vansh_yawPower_4_petg_thin.bag,petg_thin,yawPower,4,Fz,86040,-9.4036865234375,3.9522554874420166,-2.3490264415740967,0.9324121475219727,-2.325618615150452,0.8948744171857816,servo_activity,5.214818954467773,0.7986199726215534,4.164658570643411,2.3256186151504386,2.3490264415740967,1.0100652042734632,1.5121490955352783
petg_thin_vansh_yawPower_4_petg_thin.bag,petg_thin,yawPower,4,Net,86040,0.02012932114303112,12.270416259765625,0.11549738006889236,6.42070166612738,0.16713293719242758,6.371564242529698,servo_activity,5.214818954467773,2.8422577077054747,14.821859367624633,6.371564242529698,6.42070166612738,1.0077119874692142,3.6625678539276123
petg_thin_vansh_experimental_sinusoidalYaw_1_petg_thin.bag,petg_thin,experimental_sinusoidalYaw,1,Fx,84540,-5.664351940155029,3.095311164855957,-2.828382730484009,1.2666606903076172,-2.526494264602661,1.2246025800704956,servo_activity,5.16740083694458,1.2467748454992058,6.442585380114045,2.526494264602661,2.828382730484009,1.1194890762709986,0.0
petg_thin_vansh_experimental_sinusoidalYaw_1_petg_thin.bag,petg_thin,experimental_sinusoidalYaw,1,Fy,84540,-8.267388343811035,3.3633830547332764,-6.405340194702148,1.7318663597106934,-6.403939723968506,1.2624958753585815,servo_activity,5.16740083694458,2.1941019723632764,11.337804368331748,6.403939723968506,6.405340194702148,1.0002186889311904,1.6653821468353271
petg_thin_vansh_experimental_sinusoidalYaw_1_petg_thin.bag,petg_thin,experimental_sinusoidalYaw,1,Fz,84540,-5.488705158233643,2.197195291519165,-4.32797384262085,0.24345940351486206,-4.3183913230896,0.23257224261760712,servo_activity,5.16740083694458,1.2091962099354505,6.248401507250661,4.3183913230896,4.32797384262085,1.002219002127022,7.35276198387146
petg_thin_vansh_experimental_sinusoidalYaw_1_petg_thin.bag,petg_thin,experimental_sinusoidalYaw,1,Net,84540,0.010693700052797794,8.565689086914062,0.1317974854953417,7.3444266638791476,0.1460938082555215,7.324808959509548,servo_activity,5.16740083694458,2.984779926437481,15.423554289968422,7.324808959509548,7.3444266638791476,1.0026782547473994,5.5611162185668945
petg_thin_vansh_experimental_sinusoidalYaw_2_petg_thin.bag,petg_thin,experimental_sinusoidalYaw,2,Fx,52120,-4.479004859924316,5.833145618438721,-2.151521921157837,0.38193780183792114,-2.151521921157837,0.36985495686531067,servo_activity,5.005013465881348,0.9752761339365521,4.881270183305144,2.151521921157837,2.151521921157837,1.0,7.649429559707642
petg_thin_vansh_experimental_sinusoidalYaw_2_petg_thin.bag,petg_thin,experimental_sinusoidalYaw,2,Fy,52120,-7.425185680389404,2.726388454437256,-5.9523396492004395,0.635032057762146,-5.948154926300049,0.635032057762146,servo_activity,5.005013465881348,2.0224733948097398,10.122506575409512,5.948154926300049,5.9523396492004395,1.00070353293622,3.715219020843506
petg_thin_vansh_experimental_sinusoidalYaw_2_petg_thin.bag,petg_thin,experimental_sinusoidalYaw,2,Fz,52120,-7.463198661804199,2.2304399013519287,-4.177049160003662,0.22013932466506958,-4.171859602928162,0.21549107134342194,servo_activity,5.005013465881348,1.3284089690708012,6.648704778396919,4.171859602928161,4.177049160003662,1.0012439433656537,3.42685604095459
petg_thin_vansh_experimental_sinusoidalYaw_2_petg_thin.bag,petg_thin,experimental_sinusoidalYaw,2,Net,52120,0.01907419040799141,8.385418891906738,0.04999617221220996,6.887330813446193,0.09440037157914821,6.875261065027882,servo_activity,5.005013465881348,2.7755866818538646,13.89184871839952,6.875261065027882,6.887330813446193,1.0017555331069108,7.632567644119263
petg_thin_vansh_experimental_sinusoidalYaw_3_petg_thin.bag,petg_thin,experimental_sinusoidalYaw,3,Fx,83660,-8.760010719299316,9.300826072692871,-2.3251454830169678,0.4874446392059326,-2.2149507999420166,0.38653838634490967,servo_activity,7.957686424255371,1.1521046545565694,9.168087568886236,2.2149507999420166,2.3251454830169678,1.0497503976511966,8.357599020004272
petg_thin_vansh_experimental_sinusoidalYaw_3_petg_thin.bag,petg_thin,experimental_sinusoidalYaw,3,Fy,83660,-17.62855339050293,17.79228973388672,-6.282075881958008,11.10354995727539,-6.28105354309082,11.10354995727539,servo_activity,7.957686424255371,3.334135987918233,26.532008687678193,11.10354995727539,11.10354995727539,1.0,2.766176223754883
petg_thin_vansh_experimental_sinusoidalYaw_3_petg_thin.bag,petg_thin,experimental_sinusoidalYaw,3,Fz,83660,-17.14817237854004,10.251557350158691,-4.106029987335205,0.20441576838493347,-4.085953752994538,0.197769433259964,servo_activity,7.957686424255371,1.4944627426076422,11.892465878404284,4.085953752994539,4.106029987335205,1.0049134756667162,3.2268059253692627
petg_thin_vansh_experimental_sinusoidalYaw_3_petg_thin.bag,petg_thin,experimental_sinusoidalYaw,3,Net,83660,0.02945825457572937,23.98704719543457,0.22275360749184378,11.39884816662414,0.2330172472707342,11.373237770105135,servo_activity,7.957686424255371,4.242126743213126,33.75751439443775,11.373237770105135,11.39884816662414,1.0022518122839499,2.766176223754883
petg_thin_vansh_experimental_sinusoidalYaw_4_petg_thin.bag,petg_thin,experimental_sinusoidalYaw,4,Fx,83880,-11.604864120483398,10.008719444274902,-2.208087682723999,0.732804536819458,-2.208087682723999,0.7194828954339016,servo_activity,7.974927663803101,0.997716791554569,7.956719241609404,2.208087682723999,2.208087682723999,1.0,2.9292428493499756
petg_thin_vansh_experimental_sinusoidalYaw_4_petg_thin.bag,petg_thin,experimental_sinusoidalYaw,4,Fy,83880,-11.625309944152832,20.83563995361328,-6.8725080490112305,12.596819877624512,-6.856627464294434,12.596819877624512,servo_activity,7.974927663803101,3.375984818194215,26.923234719196326,12.596819877624512,12.596819877624512,1.0,2.7743849754333496
petg_thin_vansh_experimental_sinusoidalYaw_4_petg_thin.bag,petg_thin,experimental_sinusoidalYaw,4,Fz,83880,-14.744140625,13.216822624206543,-4.014115810394287,0.4246419668197632,-3.9985978603363037,0.39020276069641113,servo_activity,7.974927663803101,1.2929314571023047,10.311034844646422,3.9985978603363037,4.014115810394287,1.0038808478871837,1.309885025024414
petg_thin_vansh_experimental_sinusoidalYaw_4_petg_thin.bag,petg_thin,experimental_sinusoidalYaw,4,Net,83880,0.04650210216641426,22.447002410888672,0.18248578036431776,12.86997458052874,0.2644892060179167,12.81373927830333,servo_activity,7.974927663803101,4.060341982849316,32.380933603526145,12.81373927830333,12.86997458052874,1.0043886722684165,2.924837827682495
petg_thin_vansh_experimental_sinusoidalYaw_5_petg_thin.bag,petg_thin,experimental_sinusoidalYaw,5,Fx,56260,-6.313389778137207,2.8151628971099854,-2.7983438968658447,1.5758769512176514,-2.7803874015808105,1.5556591749191284,servo_activity,5.42010235786438,1.3398425284837558,7.262083647801777,2.7803874015808105,2.7983438968658447,1.0064582709858436,7.054666042327881
petg_thin_vansh_experimental_sinusoidalYaw_5_petg_thin.bag,petg_thin,experimental_sinusoidalYaw,5,Fy,56260,-9.947641372680664,6.714637756347656,-3.482790946960449,4.613865375518799,-3.482107639312744,4.587306361198428,servo_activity,5.42010235786438,2.057484084763161,11.151774339093244,4.587306361198428,4.613865375518799,1.0057896752972548,6.3644700050354
petg_thin_vansh_experimental_sinusoidalYaw_5_petg_thin.bag,petg_thin,experimental_sinusoidalYaw,5,Fz,56260,-5.792699337005615,2.8107306957244873,-3.0982327461242676,0.6367822885513306,-3.090942859649658,0.6336284875869751,servo_activity,5.42010235786438,1.2163189966198675,6.59257346149458,3.090942859649658,3.0982327461242676,1.0023584669162844,8.170088529586792
petg_thin_vansh_experimental_sinusoidalYaw_5_petg_thin.bag,petg_thin,experimental_sinusoidalYaw,5,Net,56260,0.015578875318169594,10.463339805603027,0.12360369178136807,5.444122942524763,0.24934977925369323,5.408006759211889,servo_activity,5.42010235786438,2.94641945916722,15.96989505788974,5.408006759211889,5.444122942524763,1.0066782799876044,8.280818462371826
petg_thin_vansh_experimental_sinusoidalYaw_6_petg_thin.bag,petg_thin,experimental_sinusoidalYaw,6,Fx,84120,-4.903239727020264,4.256643772125244,-3.0450589656829834,1.5582150220870972,-2.9886107444763184,1.475078657865524,servo_activity,7.739166498184204,1.1706694859739109,9.060006066295815,2.9886107444763184,3.0450589656829834,1.018887779651798,3.623509168624878
petg_thin_vansh_experimental_sinusoidalYaw_6_petg_thin.bag,petg_thin,experimental_sinusoidalYaw,6,Fy,84120,-7.163774013519287,6.094404220581055,-3.5649025440216064,3.989234209060669,-3.555779560804367,3.9289047718048096,servo_activity,7.739166498184204,1.9017533253915462,14.717985623680658,3.9289047718048096,3.989234209060669,1.0153552811177315,4.904832363128662
petg_thin_vansh_experimental_sinusoidalYaw_6_petg_thin.bag,petg_thin,experimental_sinusoidalYaw,6,Fz,84120,-5.98520040512085,1.6253122091293335,-3.0265681743621826,0.6420400738716125,-3.0162758827209473,0.6371213793754578,servo_activity,7.739166498184204,0.9957527881989138,7.706296618902545,3.0162758827209473,3.0265681743621826,1.0034122514124773,4.745385408401489
petg_thin_vansh_experimental_sinusoidalYaw_6_petg_thin.bag,petg_thin,experimental_sinusoidalYaw,6,Net,84120,0.03070325031876564,8.818641662597656,0.04755314434146859,5.170746210085709,0.07627834332104967,5.140401680143524,servo_activity,7.739166498184204,2.653429901881193,20.53533580191913,5.140401680143524,5.170746210085709,1.0059031437289037,1.704888105392456
petg_thin_vansh_experimental_sinusoidalYaw_7_petg_thin.bag,petg_thin,experimental_sinusoidalYaw,7,Fx,82980,-4.6374831199646,4.082113265991211,-2.6928422451019287,1.8456813097000122,-2.6630895137786865,1.8456813097000122,servo_activity,7.740284204483032,0.9637134916077673,7.459416316738793,2.6630895137786865,2.6928422451019287,1.011172261078459,5.252304315567017
petg_thin_vansh_experimental_sinusoidalYaw_7_petg_thin.bag,petg_thin,experimental_sinusoidalYaw,7,Fy,82980,-6.28814172744751,6.642697334289551,-2.593075752258301,5.152588367462158,-2.5766425132751465,5.125185012817383,servo_activity,7.740284204483032,2.1299398507023977,16.486339782890717,5.125185012817383,5.152588367462158,1.0053468030083292,2.511610746383667
petg_thin_vansh_experimental_sinusoidalYaw_7_petg_thin.bag,petg_thin,experimental_sinusoidalYaw,7,Fz,82980,-5.599662780761719,11.375473976135254,-3.358853340148926,2.230962038040161,-3.338832378387451,2.230962038040161,servo_activity,7.740284204483032,1.178744892644715,9.123820473652936,3.338832378387451,3.358853340148926,1.0059963961925948,0.30489611625671387
petg_thin_vansh_experimental_sinusoidalYaw_7_petg_thin.bag,petg_thin,experimental_sinusoidalYaw,7,Net,82980,0.04898820072412491,11.795877456665039,0.19140185911867735,5.574087618256899,0.2505296450397967,5.554252923209981,servo_activity,7.740284204483032,2.9055375098149563,22.48968609275367,5.554252923209981,5.574087618256899,1.0035710824337927,2.496013641357422
petg_thin_vansh_experimental_sinusoidalYaw_8_petg_thin.bag,petg_thin,experimental_sinusoidalYaw,8,Fx,84180,-4.606547832489014,3.0210068225860596,-3.113690137863159,1.5470077991485596,-3.0671844482421875,1.5470077991485596,servo_activity,7.998827934265137,1.1553185261660814,9.24119410007128,3.0671844482421875,3.113690137863159,1.0151623387526056,5.1688573360443115
petg_thin_vansh_experimental_sinusoidalYaw_8_petg_thin.bag,petg_thin,experimental_sinusoidalYaw,8,Fy,84180,-6.765313148498535,7.189601421356201,-3.5093088150024414,6.849839687347412,-3.46307044506073,5.897675514221191,servo_activity,7.998827934265137,2.230143271664743,17.83853229880539,5.897675514221191,6.849839687347412,1.1614473652933681,8.415280818939209
petg_thin_vansh_experimental_sinusoidalYaw_8_petg_thin.bag,petg_thin,experimental_sinusoidalYaw,8,Fz,84180,-5.180453300476074,1.7767850160598755,-3.1214184761047363,0.5479870438575745,-3.089988946914673,0.5479870438575745,servo_activity,7.998827934265137,1.075741758556683,8.604673228398699,3.089988946914673,3.1214184761047363,1.0101714050535506,3.0834126472473145
petg_thin_vansh_experimental_sinusoidalYaw_8_petg_thin.bag,petg_thin,experimental_sinusoidalYaw,8,Net,84180,0.028441116213798523,7.502487659454346,0.17430390725197922,7.41035417139771,0.19711682522813667,6.366943654088258,servo_activity,7.998827934265137,2.9575230649297732,23.656718107993715,6.366943654088258,7.41035417139771,1.1638793389728634,8.415280818939209
stripe_flipper_vansh_rollAmpAndFrequency_1_stripe_flipper.bag,stripe_flipper,rollAmpAndFrequency,1,Fx,86740,-2.667276620864868,3.484943389892578,-1.3349648714065552,2.698802947998047,-1.3344626426696777,2.6764102244377126,servo_activity,8.268246412277222,1.2544071551828722,10.371747460375659,2.6764102244377126,2.698802947998047,1.008366700797909,0.364504337310791
stripe_flipper_vansh_rollAmpAndFrequency_1_stripe_flipper.bag,stripe_flipper,rollAmpAndFrequency,1,Fy,86740,-2.8755929470062256,2.657191753387451,-0.6548388600349426,1.608019471168518,-0.6067664623260498,1.594346046447754,servo_activity,8.268246412277222,0.6219524056093383,5.142455746286599,1.594346046447754,1.608019471168518,1.008576196335312,0.45897364616394043
stripe_flipper_vansh_rollAmpAndFrequency_1_stripe_flipper.bag,stripe_flipper,rollAmpAndFrequency,1,Fz,86740,-2.518760919570923,1.9599019289016724,-1.7131309509277344,0.06958696246147156,-1.6882275342941284,0.04817481338977814,servo_activity,8.268246412277222,0.6718965729205065,5.555406428471339,1.6882275342941284,1.7131309509277344,1.0147512205124758,8.237001895904541
stripe_flipper_vansh_rollAmpAndFrequency_1_stripe_flipper.bag,stripe_flipper,rollAmpAndFrequency,1,Net,86740,0.017089465633034706,4.535021781921387,0.29331914610951293,3.4239969525892184,0.3036909836014025,3.39251257426742,servo_activity,8.268246412277222,1.60267713912545,13.251329505612723,3.39251257426742,3.4239969525892184,1.0092805487474419,0.364504337310791
stripe_flipper_vansh_rollAmpAndFrequency_2_stripe_flipper.bag,stripe_flipper,rollAmpAndFrequency,2,Fx,54480,-2.787447452545166,4.351071834564209,-0.9658058881759644,3.859760284423828,-0.9573213458061218,3.2510228157043457,servo_activity,5.238347768783569,1.8239789537119748,9.554636082485313,3.2510228157043457,3.859760284423828,1.1872449082113246,3.0221710205078125
stripe_flipper_vansh_rollAmpAndFrequency_2_stripe_flipper.bag,stripe_flipper,rollAmpAndFrequency,2,Fy,54480,-3.413586378097534,4.120556831359863,-0.7912071943283081,3.8568122386932373,-0.7828207015991211,3.0054673826694502,servo_activity,5.238347768783569,1.0823798860241638,5.669882260930892,3.0054673826694502,3.8568122386932373,1.283265378600657,3.0221710205078125
stripe_flipper_vansh_rollAmpAndFrequency_2_stripe_flipper.bag,stripe_flipper,rollAmpAndFrequency,2,Fz,54480,-4.603754043579102,2.4965097904205322,-2.9531168937683105,0.3058663308620453,-2.942929744720459,0.2969546616077423,servo_activity,5.238347768783569,1.2853118536645773,6.732910480834912,2.942929744720459,2.9531168937683105,1.0034615671903575,6.776204347610474
stripe_flipper_vansh_rollAmpAndFrequency_2_stripe_flipper.bag,stripe_flipper,rollAmpAndFrequency,2,Net,54480,0.046668071299791336,6.032246112823486,0.33104161410361704,5.854599754274982,0.3641724055910127,4.8479524487264,servo_activity,5.238347768783569,2.578049756183595,13.504721188117358,4.8479524487264,5.854599754274982,1.207643807606454,3.0221710205078125
stripe_flipper_vansh_rollAmpAndFrequency_3_stripe_flipper.bag,stripe_flipper,rollAmpAndFrequency,3,Fx,88900,-5.697989463806152,6.336460113525391,-3.508168935775757,4.1018290519714355,-3.466244697570801,4.064692497253418,servo_activity,8.380543947219849,2.0019649545325735,16.77755528225422,4.064692497253418,4.1018290519714355,1.0091363749516382,1.3815672397613525
stripe_flipper_vansh_rollAmpAndFrequency_3_stripe_flipper.bag,stripe_flipper,rollAmpAndFrequency,3,Fy,88900,-5.697711944580078,5.178943157196045,-3.6470282077789307,3.83475399017334,-3.425705759525299,3.83475399017334,servo_activity,8.380543947219849,1.51542276723224,12.700067099407303,3.83475399017334,3.83475399017334,1.0,8.474604845046997
stripe_flipper_vansh_rollAmpAndFrequency_3_stripe_flipper.bag,stripe_flipper,rollAmpAndFrequency,3,Fz,88900,-5.338135242462158,3.3245131969451904,-4.425301551818848,0.4174235761165619,-4.421665191650391,0.36543765664100647,servo_activity,8.380543947219849,1.9176017588320504,16.070545813158077,4.421665191650391,4.425301551818848,1.0008223960908038,8.35684084892273
stripe_flipper_vansh_rollAmpAndFrequency_3_stripe_flipper.bag,stripe_flipper,rollAmpAndFrequency,3,Net,88900,0.042839836329221725,7.823156356811523,0.20388098927806497,6.735042001534901,0.23821835341576938,6.689042591867657,servo_activity,8.380543947219849,3.2617583911436223,27.335309542192235,6.689042591867657,6.735042001534901,1.0068768301345798,8.445480585098267
stripe_flipper_vansh_rollAmpAndFrequency_4_stripe_flipper.bag,stripe_flipper,rollAmpAndFrequency,4,Fx,86200,-3.344700336456299,5.828114986419678,-1.462777853012085,4.379470348358154,-0.550510823726654,4.201048374176025,servo_activity,8.219998598098755,2.1767262345186027,17.892686596187694,4.201048374176025,4.379470348358154,1.0424708211595215,0.02389073371887207
stripe_flipper_vansh_rollAmpAndFrequency_4_stripe_flipper.bag,stripe_flipper,rollAmpAndFrequency,4,Fy,86200,-3.2826693058013916,6.551312446594238,-0.6414905786514282,4.855961322784424,-0.6282016634941101,4.855961322784424,servo_activity,8.219998598098755,1.7270163400456842,14.196071894069167,4.855961322784424,4.855961322784424,1.0,8.171089887619019
stripe_flipper_vansh_rollAmpAndFrequency_4_stripe_flipper.bag,stripe_flipper,rollAmpAndFrequency,4,Fz,86200,-6.1478071212768555,4.464768886566162,-5.021143913269043,0.9385569095611572,-5.020296096801758,0.43080240175128387,servo_activity,8.219998598098755,2.359361283793678,19.393946445192512,5.020296096801758,5.021143913269043,1.0001688777814968,8.005318880081177
stripe_flipper_vansh_rollAmpAndFrequency_4_stripe_flipper.bag,stripe_flipper,rollAmpAndFrequency,4,Net,86200,0.021009229123592377,8.108229637145996,0.1609819387230651,7.34042109847535,0.18628952696244175,7.256267451176468,servo_activity,8.219998598098755,3.8137958895201574,31.349396865290487,7.256267451176468,7.34042109847535,1.0115973739756847,8.164124250411987
stripe_flipper_vansh_rollAmpAndFrequency_5_stripe_flipper.bag,stripe_flipper,rollAmpAndFrequency,5,Fx,57580,-2.623271942138672,4.955534934997559,-1.138512134552002,3.8999319076538086,-1.138512134552002,3.8985819816589355,servo_activity,5.547621250152588,1.992587341449019,11.054119878207628,3.8985819816589355,3.8999319076538086,1.0003462607689728,6.344561815261841
stripe_flipper_vansh_rollAmpAndFrequency_5_stripe_flipper.bag,stripe_flipper,rollAmpAndFrequency,5,Fy,57580,-3.370840311050415,5.429528713226318,-0.8089466691017151,4.254146575927734,-0.8066276907920837,4.249533948898317,servo_activity,5.547621250152588,1.4272452773233326,7.917816229658843,4.249533948898317,4.254146575927734,1.0010854430356095,3.9907889366149902
stripe_flipper_vansh_rollAmpAndFrequency_5_stripe_flipper.bag,stripe_flipper,rollAmpAndFrequency,5,Fz,57580,-5.8941450119018555,2.649648427963257,-4.974724769592285,0.4589481055736542,-4.962809236049652,0.45190030336380005,servo_activity,5.547621250152588,2.0470456932554,11.356234187936993,4.962809236049653,4.974724769592285,1.0024009654564352,6.452199935913086
stripe_flipper_vansh_rollAmpAndFrequency_5_stripe_flipper.bag,stripe_flipper,rollAmpAndFrequency,5,Net,57580,0.03936558961868286,7.794285774230957,0.046400096559337904,6.976162545277012,0.22751717340177346,6.93495388602332,servo_activity,5.547621250152588,3.4072564393282985,18.90216822753691,6.93495388602332,6.976162545277012,1.0059421677391027,3.9022021293640137
stripe_flipper_vansh_rollAmpAndFrequency_6_stripe_flipper.bag,stripe_flipper,rollAmpAndFrequency,6,Fx,57140,-2.677767753601074,3.6568081378936768,-1.134560227394104,3.025010108947754,-1.1343313455581665,3.0160834789276123,servo_activity,5.50641942024231,1.4798385826142784,8.148611910131116,3.0160834789276123,3.025010108947754,1.0029596760442836,6.216397047042847
stripe_flipper_vansh_rollAmpAndFrequency_6_stripe_flipper.bag,stripe_flipper,rollAmpAndFrequency,6,Fy,57140,-2.7653355598449707,3.4520034790039062,-0.8025715351104736,2.573995351791382,-0.7877070307731628,2.5645689964294434,servo_activity,5.50641942024231,0.7568072290408502,4.167298023370307,2.5645689964294434,2.573995351791382,1.0036756099660655,6.4717817306518555
stripe_flipper_vansh_rollAmpAndFrequency_6_stripe_flipper.bag,stripe_flipper,rollAmpAndFrequency,6,Fz,57140,-3.577092170715332,1.3600722551345825,-2.8436388969421387,0.23557306826114655,-2.8379268646240234,0.229572132229805,servo_activity,5.50641942024231,1.030646396422907,5.675171332665848,2.8379268646240234,2.8436388969421387,1.0020127482456713,6.214991092681885
stripe_flipper_vansh_rollAmpAndFrequency_6_stripe_flipper.bag,stripe_flipper,rollAmpAndFrequency,6,Net,57140,0.026574771851301193,5.4087371826171875,0.22159898284088703,4.538487038445542,0.2373542724745656,4.520000909617615,servo_activity,5.50641942024231,2.0542195822214038,11.311394600985981,4.520000909617615,4.538487038445542,1.0040898506875502,6.305457353591919
stripe_flipper_vansh_rollAmpAndFrequency_7_stripe_flipper.bag,stripe_flipper,rollAmpAndFrequency,7,Fx,51660,-7.733026027679443,4.360010623931885,-2.1520726680755615,3.556366443634033,-2.1520726680755615,3.556366443634033,servo_activity,4.860511064529419,1.814622137225476,8.819990975924448,3.556366443634033,3.556366443634033,1.0,5.210728645324707
stripe_flipper_vansh_rollAmpAndFrequency_7_stripe_flipper.bag,stripe_flipper,rollAmpAndFrequency,7,Fy,51660,-19.725473403930664,4.624763488769531,-1.003473162651062,3.630962610244751,-1.003473162651062,3.615901231765747,servo_activity,4.860511064529419,1.015369968691653,4.935216967416669,3.615901231765747,3.630962610244751,1.0041653179978174,3.3709635734558105
stripe_flipper_vansh_rollAmpAndFrequency_7_stripe_flipper.bag,stripe_flipper,rollAmpAndFrequency,7,Fz,51660,-11.601902961730957,2.595484495162964,-4.109585285186768,0.37909093499183655,-4.097906112670898,0.3692271411418915,servo_activity,4.860511064529419,1.2389642175380342,6.021999287899649,4.097906112670898,4.109585285186768,1.0028500341869124,5.0961222648620605
stripe_flipper_vansh_rollAmpAndFrequency_7_stripe_flipper.bag,stripe_flipper,rollAmpAndFrequency,7,Net,51660,0.040855538100004196,23.301219940185547,0.17598774801930273,6.02362688583084,0.19231159723634475,5.980812704569213,servo_activity,4.860511064529419,2.6236793550182624,12.752422534843674,5.980812704569213,6.02362688583084,1.0071585892045938,5.24598240852356
stripe_flipper_vansh_rollAmpAndFrequency_8_stripe_flipper.bag,stripe_flipper,rollAmpAndFrequency,8,Fx,57520,-7.746219635009766,5.828720569610596,-1.5221502780914307,4.457675457000732,-1.5032824277877808,4.430807590484619,servo_activity,4.929749250411987,2.2315857193255937,11.00115802707544,4.430807590484619,4.457675457000732,1.0060638757083051,2.3752660751342773
stripe_flipper_vansh_rollAmpAndFrequency_8_stripe_flipper.bag,stripe_flipper,rollAmpAndFrequency,8,Fy,57520,-17.95235824584961,8.511794090270996,-0.9605152010917664,5.714487552642822,-0.9574333429336548,5.714487552642822,servo_activity,4.929749250411987,1.730799338571293,8.532406741935395,5.714487552642822,5.714487552642822,1.0,5.445533275604248
stripe_flipper_vansh_rollAmpAndFrequency_8_stripe_flipper.bag,stripe_flipper,rollAmpAndFrequency,8,Fz,57520,-10.05909538269043,3.1725375652313232,-6.152884483337402,0.40065065026283264,-6.145693778991699,0.3830087184906006,servo_activity,4.929749250411987,2.4738936149376323,12.195675193837795,6.145693778991699,6.152884483337402,1.001170039478746,3.8429501056671143
stripe_flipper_vansh_rollAmpAndFrequency_8_stripe_flipper.bag,stripe_flipper,rollAmpAndFrequency,8,Net,57520,0.05300375446677208,20.908977508544922,0.3317168818123017,7.9011845804461585,0.3791718461870829,7.792753587764937,servo_activity,4.929749250411987,4.086797178195531,20.146885325795242,7.792753587764937,7.9011845804461585,1.0139143361149598,0.0
stripe_flipper_vansh_rollAmpAndFrequency_9_stripe_flipper.bag,stripe_flipper,rollAmpAndFrequency,9,Fx,88320,-6.192805767059326,6.862264156341553,-1.776502013206482,4.218025207519531,-1.776502013206482,4.209896087646484,servo_activity,8.399096488952637,2.2353569837305485,18.774978993607007,4.209896087646484,4.218025207519531,1.0019309549936164,3.2461626529693604
stripe_flipper_vansh_rollAmpAndFrequency_9_stripe_flipper.bag,stripe_flipper,rollAmpAndFrequency,9,Fy,88320,-6.2739715576171875,8.273170471191406,-1.0219089984893799,5.406914234161377,-0.7693437358736992,5.406914234161377,servo_activity,8.399096488952637,1.9023244158541206,15.97780632204922,5.406914234161377,5.406914234161377,1.0,2.5278515815734863
stripe_flipper_vansh_rollAmpAndFrequency_9_stripe_flipper.bag,stripe_flipper,rollAmpAndFrequency,9,Fz,88320,-9.50533390045166,12.04782485961914,-5.689740180969238,0.37839993834495544,-5.681938171386719,0.35170474648475647,servo_activity,8.399096488952637,2.5989103606131136,21.828498884928234,5.681938171386719,5.689740180969238,1.001373124688651,7.314836263656616
stripe_flipper_vansh_rollAmpAndFrequency_9_stripe_flipper.bag,stripe_flipper,rollAmpAndFrequency,9,Net,88320,0.10487065464258194,12.53067684173584,0.1719682847604342,7.528627876949172,0.21314943008630785,7.496259919202623,servo_activity,8.399096488952637,4.15251762121466,34.877396172658,7.496259919202623,7.528627876949172,1.0043178809293465,2.5170528888702393
stripe_flipper_vansh_rollAmpAndFrequency_10_stripe_flipper.bag,stripe_flipper,rollAmpAndFrequency,10,Fx,88220,-4.8087029457092285,7.768929958343506,-3.138144016265869,4.833168029785156,-3.041205644607544,4.826647758483887,servo_activity,8.260278940200806,2.056710994893185,16.989006517195623,4.826647758483887,4.833168029785156,1.0013508902301413,2.50015926361084
stripe_flipper_vansh_rollAmpAndFrequency_10_stripe_flipper.bag,stripe_flipper,rollAmpAndFrequency,10,Fy,88220,-6.688139915466309,7.364352703094482,-2.8767037391662598,5.076043128967285,-2.8767037391662598,5.0709028244018555,servo_activity,8.260278940200806,1.640144179899236,13.54804842811458,5.0709028244018555,5.076043128967285,1.0010136862691774,2.696110248565674
stripe_flipper_vansh_rollAmpAndFrequency_10_stripe_flipper.bag,stripe_flipper,rollAmpAndFrequency,10,Fz,88220,-7.158493518829346,2.8883652687072754,-6.600142478942871,0.4288601577281952,-6.2543086385726925,0.41357457637786865,servo_activity,8.260278940200806,1.0708427399306246,8.845459732915867,6.254308638572692,6.600142478942871,1.055295294868771,0.0
stripe_flipper_vansh_rollAmpAndFrequency_10_stripe_flipper.bag,stripe_flipper,rollAmpAndFrequency,10,Net,88220,0.014076008461415768,9.046921730041504,0.06380412159692568,7.483871109868118,0.09558555701240769,7.458455292483414,servo_activity,8.260278940200806,3.0923940301062918,25.544037281689697,7.458455292483414,7.483871109868118,1.0034076516367025,2.5456697940826416
stripe_flipper_vansh_rollAmpAndFrequency_11_stripe_flipper.bag,stripe_flipper,rollAmpAndFrequency,11,Fx,89500,-6.686913013458252,7.394299030303955,-4.127778053283691,4.071974754333496,-4.09112548828125,4.063838005065918,servo_activity,8.460410118103027,2.1178163407315593,17.917594797409212,4.09112548828125,4.127778053283691,1.0089590419818288,0.1747448444366455
stripe_flipper_vansh_rollAmpAndFrequency_11_stripe_flipper.bag,stripe_flipper,rollAmpAndFrequency,11,Fy,89500,-21.717798233032227,12.161242485046387,-3.7579078674316406,4.902735233306885,-3.7579078674316406,4.902735233306885,servo_activity,8.460410118103027,1.7069305637319225,14.441332612296861,4.902735233306885,4.902735233306885,1.0,2.105299472808838
stripe_flipper_vansh_rollAmpAndFrequency_11_stripe_flipper.bag,stripe_flipper,rollAmpAndFrequency,11,Fz,89500,-11.24748706817627,4.602149486541748,-3.8786590099334717,0.5418212413787842,-3.810077176094055,0.5414237380027771,servo_activity,8.460410118103027,1.3800680448556475,11.675941650367383,3.810077176094056,3.8786590099334717,1.0180001167088493,0.22088360786437988
stripe_flipper_vansh_rollAmpAndFrequency_11_stripe_flipper.bag,stripe_flipper,rollAmpAndFrequency,11,Net,89500,0.07487530261278152,24.18724822998047,0.1727230406915942,6.7292298050566135,0.30052265007402346,6.65899436081951,servo_activity,8.460410118103027,3.2553110971094217,27.541266943557616,6.65899436081951,6.7292298050566135,1.0105474551308165,0.21862411499023438
stripe_flipper_vansh_rollAmpAndFrequency_12_stripe_flipper.bag,stripe_flipper,rollAmpAndFrequency,12,Fx,88600,-6.856983661651611,7.682658672332764,-4.6740007400512695,3.993985652923584,-2.181697130203247,3.992807388305664,servo_activity,8.478172063827515,2.2555739754917368,19.12314426691041,3.992807388305664,4.6740007400512695,1.1706051120173537,0.034184932708740234
stripe_flipper_vansh_rollAmpAndFrequency_12_stripe_flipper.bag,stripe_flipper,rollAmpAndFrequency,12,Fy,88600,-3.5156166553497314,16.305797576904297,-2.307560920715332,4.451246738433838,-0.8150354623794556,4.451246738433838,servo_activity,8.478172063827515,1.679184193904058,14.236412522778108,4.451246738433838,4.451246738433838,1.0,1.2945761680603027
stripe_flipper_vansh_rollAmpAndFrequency_12_stripe_flipper.bag,stripe_flipper,rollAmpAndFrequency,12,Fz,88600,-12.784757614135742,4.252202033996582,-4.076480388641357,0.7358341813087463,-3.479597568511963,0.7358341813087463,servo_activity,8.478172063827515,1.504873212963205,12.758574033747,3.479597568511963,4.076480388641357,1.1715378886141277,8.885994672775269
stripe_flipper_vansh_rollAmpAndFrequency_12_stripe_flipper.bag,stripe_flipper,rollAmpAndFrequency,12,Net,88600,0.01997528411448002,20.126018524169922,0.6332369127080033,6.339987962816387,0.6508147153780189,6.296938177527386,servo_activity,8.478172063827515,3.3040537452327383,28.012336160216876,6.296938177527386,6.339987962816387,1.0068366218748404,2.2897891998291016
stripe_flipper_vansh_experimental_sinusoidalYaw_1_stripe_flipper.bag,stripe_flipper,experimental_sinusoidalYaw,1,Fx,83880,-5.113174915313721,6.07468318939209,-3.2821459770202637,4.5960211753845215,-3.2657181239128112,4.5960211753845215,servo_activity,8.09864592552185,1.4750946666600122,11.94626941190512,4.5960211753845215,4.5960211753845215,1.0,0.12094378471374512
stripe_flipper_vansh_experimental_sinusoidalYaw_1_stripe_flipper.bag,stripe_flipper,experimental_sinusoidalYaw,1,Fy,83880,-20.59255599975586,5.749051094055176,-2.992116928100586,4.748422145843506,-2.992116928100586,4.726580619812012,servo_activity,8.09864592552185,1.3525377761031094,10.953724549551833,4.726580619812012,4.748422145843506,1.0046209993626138,2.7566332817077637
stripe_flipper_vansh_experimental_sinusoidalYaw_1_stripe_flipper.bag,stripe_flipper,experimental_sinusoidalYaw,1,Fz,83880,-10.373282432556152,6.8966264724731445,-4.878809928894043,0.39869558811187744,-4.8681135177612305,0.37867939472198486,servo_activity,8.09864592552185,1.3714829526829062,11.107154826668095,4.8681135177612305,4.878809928894043,1.0021972394632515,2.56827449798584
stripe_flipper_vansh_experimental_sinusoidalYaw_1_stripe_flipper.bag,stripe_flipper,experimental_sinusoidalYaw,1,Net,83880,0.03429418429732323,22.92204475402832,0.10892263705515419,7.027528778264821,0.1799652269159819,7.002796794206562,servo_activity,8.09864592552185,2.6469125832892604,21.436407807868086,7.002796794206562,7.027528778264821,1.003531729505377,2.66451096534729
stripe_flipper_vansh_experimental_sinusoidalYaw_2_stripe_flipper.bag,stripe_flipper,experimental_sinusoidalYaw,2,Fx,54060,-4.013301372528076,4.234353065490723,-2.980656385421753,2.5253212451934814,-2.9568145275115967,2.5079853534698486,servo_activity,4.851589918136597,1.680722531771654,8.154176490328373,2.9568145275115967,2.980656385421753,1.0080633592970816,5.391906023025513
stripe_flipper_vansh_experimental_sinusoidalYaw_2_stripe_flipper.bag,stripe_flipper,experimental_sinusoidalYaw,2,Fy,54060,-4.651511192321777,6.078429698944092,-0.8661947846412659,4.675947189331055,-0.8604657649993896,4.672545909881592,servo_activity,4.851589918136597,1.3957320955595576,6.771519763236414,4.672545909881592,4.675947189331055,1.0007279285244195,3.3072667121887207
stripe_flipper_vansh_experimental_sinusoidalYaw_2_stripe_flipper.bag,stripe_flipper,experimental_sinusoidalYaw,2,Fz,54060,-5.978942394256592,2.825291395187378,-5.03135871887207,0.5441077947616577,-5.025108337402344,0.5272718667984009,servo_activity,4.851589918136597,1.5952184610043492,7.7393458026340785,5.025108337402344,5.03135871887207,1.0012438301923172,3.0593762397766113
stripe_flipper_vansh_experimental_sinusoidalYaw_2_stripe_flipper.bag,stripe_flipper,experimental_sinusoidalYaw,2,Net,54060,0.014408047311007977,7.699693202972412,0.2392074722909294,6.785913562606528,0.2663901577384241,6.73768039340569,servo_activity,4.851589918136597,2.953210946861632,14.327768455924527,6.73768039340569,6.785913562606528,1.0071587202693741,3.2141497135162354
stripe_flipper_vansh_experimental_sinusoidalYaw_3_stripe_flipper.bag,stripe_flipper,experimental_sinusoidalYaw,3,Fx,87060,-4.566874980926514,3.7606470584869385,-3.3126394748687744,3.4900074005126953,-3.303164482116699,3.3959186160564427,servo_activity,8.284419536590576,1.8961029556218185,15.708112368940528,3.3959186160564427,3.4900074005126953,1.0277064308936574,0.0
stripe_flipper_vansh_experimental_sinusoidalYaw_3_stripe_flipper.bag,stripe_flipper,experimental_sinusoidalYaw,3,Fy,87060,-6.068271160125732,7.108278274536133,-4.571590900421143,6.143170356750488,-4.549322605133057,6.127737522125244,servo_activity,8.284419536590576,2.500655321773757,20.716477801981707,6.127737522125244,6.143170356750488,1.0025185208357117,6.5702064037323
stripe_flipper_vansh_experimental_sinusoidalYaw_3_stripe_flipper.bag,stripe_flipper,experimental_sinusoidalYaw,3,Fz,87060,-7.295081615447998,1.3463102579116821,-6.060972690582275,-0.309257835149765,-6.053126335144043,-0.309257835149765,servo_activity,8.284419536590576,2.4060935991766947,19.933088819884944,6.053126335144043,6.060972690582275,1.0012962484183878,2.206198215484619
stripe_flipper_vansh_experimental_sinusoidalYaw_3_stripe_flipper.bag,stripe_flipper,experimental_sinusoidalYaw,3,Net,87060,0.07368043065071106,8.820478439331055,0.7728523505172686,7.6017043214597395,0.8450297240472274,7.5858218684161915,servo_activity,8.284419536590576,4.269078140727874,35.36683435227778,7.5858218684161915,7.6017043214597395,1.0020937023461722,6.473117828369141
stripe_flipper_vansh_experimental_sinusoidalYaw_4_stripe_flipper.bag,stripe_flipper,experimental_sinusoidalYaw,4,Fx,89220,-4.920398712158203,5.389745235443115,-3.3450355529785156,3.769277334213257,-3.333693504333496,3.743272542953491,servo_activity,8.460448503494263,1.9608531643051172,16.58969721951722,3.743272542953491,3.769277334213257,1.0069470739737394,0.22749900817871094
stripe_flipper_vansh_experimental_sinusoidalYaw_4_stripe_flipper.bag,stripe_flipper,experimental_sinusoidalYaw,4,Fy,89220,-7.683801174163818,7.95908784866333,-6.1378045082092285,6.9338884353637695,-6.136523723602295,6.573570790290832,servo_activity,8.460448503494263,2.990833113445177,25.303789538848335,6.573570790290832,6.9338884353637695,1.0548130774837212,8.927499532699585
stripe_flipper_vansh_experimental_sinusoidalYaw_4_stripe_flipper.bag,stripe_flipper,experimental_sinusoidalYaw,4,Fz,89220,-7.3471503257751465,1.4161349534988403,-6.427882194519043,-0.12363579124212265,-6.424213886260986,-0.19902310058474623,servo_activity,8.460448503494263,2.9911484298552606,25.306457257098153,6.424213886260986,6.427882194519043,1.0005710127842882,2.4907643795013428
stripe_flipper_vansh_experimental_sinusoidalYaw_4_stripe_flipper.bag,stripe_flipper,experimental_sinusoidalYaw,4,Net,89220,0.032649822533130646,10.059158325195312,0.2051395349839265,8.2957760668899,0.28468973219234,8.229618178591767,servo_activity,8.460448503494263,5.020607772757583,42.47659351765856,8.229618178591767,8.2957760668899,1.0080389985127418,4.881561994552612
stripe_flipper_vansh_experimental_sinusoidalYaw_5_stripe_flipper.bag,stripe_flipper,experimental_sinusoidalYaw,5,Fx,90220,-3.997819423675537,5.3228559494018555,-3.412187337875366,4.447208881378174,-3.399944305419922,4.447208881378174,servo_activity,8.437072277069092,1.843595084669446,15.554544979005428,4.447208881378174,4.447208881378174,1.0,0.44909119606018066
stripe_flipper_vansh_experimental_sinusoidalYaw_5_stripe_flipper.bag,stripe_flipper,experimental_sinusoidalYaw,5,Fy,90220,-4.653950214385986,6.211660385131836,-3.3498010635375977,4.716826438903809,-3.3498010635375977,4.716826438903809,servo_activity,8.437072277069092,1.3126507089567132,11.074928906013774,4.716826438903809,4.716826438903809,1.0,1.449364423751831
stripe_flipper_vansh_experimental_sinusoidalYaw_5_stripe_flipper.bag,stripe_flipper,experimental_sinusoidalYaw,5,Fz,90220,-6.4425458908081055,3.246412515640259,-2.745849132537842,1.3949897289276123,-2.7318860042095183,1.3470613956451416,servo_activity,8.437072277069092,0.9113513258920517,7.689137006353989,2.7318860042095183,2.745849132537842,1.0051111680014495,8.855438470840454
stripe_flipper_vansh_experimental_sinusoidalYaw_5_stripe_flipper.bag,stripe_flipper,experimental_sinusoidalYaw,5,Net,90220,0.006678555626422167,8.998778343200684,0.026853429492264748,5.81082211307263,0.08476244147888509,5.773428956633072,servo_activity,8.437072277069092,2.6997874496771916,22.7783018456505,5.773428956633072,5.81082211307263,1.006476767397752,0.5010828971862793
stripe_flipper_vansh_experimental_sinusoidalYaw_6_stripe_flipper.bag,stripe_flipper,experimental_sinusoidalYaw,6,Fx,86600,-4.101682662963867,4.7966084480285645,-3.522557497024536,3.5944032669067383,-3.5161256790161133,3.5944032669067383,servo_activity,8.300008296966553,1.8841971388504422,15.63885188557931,3.5944032669067383,3.5944032669067383,1.0,3.4704997539520264
stripe_flipper_vansh_experimental_sinusoidalYaw_6_stripe_flipper.bag,stripe_flipper,experimental_sinusoidalYaw,6,Fy,86600,-4.788269519805908,6.864120960235596,-3.658689022064209,5.890352725982666,-3.658689022064209,5.890352725982666,servo_activity,8.300008296966553,1.603113033220746,13.305851476707408,5.890352725982666,5.890352725982666,1.0,0.8716309070587158
stripe_flipper_vansh_experimental_sinusoidalYaw_6_stripe_flipper.bag,stripe_flipper,experimental_sinusoidalYaw,6,Fz,86600,-6.654488563537598,3.1347219944000244,-3.285639524459839,1.634292721748352,-3.2783889770507812,1.6088620889186869,servo_activity,8.300008296966553,1.1537218481413354,9.575900911964668,3.2783889770507812,3.285639524459839,1.0022116190176982,4.209866285324097
stripe_flipper_vansh_experimental_sinusoidalYaw_6_stripe_flipper.bag,stripe_flipper,experimental_sinusoidalYaw,6,Net,86600,0.009719095192849636,8.318927764892578,0.03382964101114582,5.903561575413133,0.11557607352799924,5.902656367031495,servo_activity,8.300008296966553,3.0984389180293403,25.717068727287593,5.902656367031495,5.903561575413133,1.0001533561036509,0.8940401077270508
stripe_flipper_vansh_experimental_sinusoidalYaw_7_stripe_flipper.bag,stripe_flipper,experimental_sinusoidalYaw,7,Fx,87220,-5.036366939544678,5.700582504272461,-3.8115944862365723,4.045261383056641,-3.8040096759796143,4.045261383056641,servo_activity,8.41344141960144,1.74935761545561,14.71811781956944,4.045261383056641,4.045261383056641,1.0,0.16011667251586914
stripe_flipper_vansh_experimental_sinusoidalYaw_7_stripe_flipper.bag,stripe_flipper,experimental_sinusoidalYaw,7,Fy,87220,-5.8168182373046875,8.574862480163574,-4.484302520751953,6.86602783203125,-4.484302520751953,6.86602783203125,servo_activity,8.41344141960144,1.8344309829607468,15.433877613442132,6.86602783203125,6.86602783203125,1.0,5.061359882354736
stripe_flipper_vansh_experimental_sinusoidalYaw_7_stripe_flipper.bag,stripe_flipper,experimental_sinusoidalYaw,7,Fz,87220,-7.969448089599609,4.014514923095703,-4.044958114624023,2.1719563007354736,-4.025424957275391,2.1412179470062256,servo_activity,8.41344141960144,1.4749782111797176,12.409642774949077,4.025424957275391,4.044958114624023,1.0048524460289165,4.34795069694519
stripe_flipper_vansh_experimental_sinusoidalYaw_7_stripe_flipper.bag,stripe_flipper,experimental_sinusoidalYaw,7,Net,87220,0.018641110509634018,10.631721496582031,0.08087816541412295,6.877597435645416,0.14059693890804006,6.87683950398794,servo_activity,8.41344141960144,3.4014685418727657,28.618056317663644,6.87683950398794,6.877597435645416,1.000110215115103,5.111567735671997
stripe_flipper_vansh_experimental_sinusoidalYaw_8_stripe_flipper.bag,stripe_flipper,experimental_sinusoidalYaw,8,Fx,86640,-6.11885404586792,6.767399787902832,-4.299111843109131,3.603760242462158,-4.2855658531188965,2.674159154891964,servo_activity,8.264642238616943,1.510140424407698,12.480770337802777,4.2855658531188965,4.299111843109131,1.0031608404711307,2.147432565689087
stripe_flipper_vansh_experimental_sinusoidalYaw_8_stripe_flipper.bag,stripe_flipper,experimental_sinusoidalYaw,8,Fy,86640,-7.307740688323975,10.517404556274414,-3.5625956058502197,5.918323516845703,-2.5545644760131836,5.918323516845703,servo_activity,8.264642238616943,1.4049211832487727,11.611170953005502,5.918323516845703,5.918323516845703,1.0,2.666600465774536
stripe_flipper_vansh_experimental_sinusoidalYaw_8_stripe_flipper.bag,stripe_flipper,experimental_sinusoidalYaw,8,Fz,86640,-11.778020858764648,3.1744816303253174,-5.893855571746826,2.052825927734375,-5.888274350166321,2.012444019317627,servo_activity,8.264642238616943,1.889034903008512,15.61219764962581,5.888274350166321,5.893855571746826,1.0009478535218639,8.235976934432983
stripe_flipper_vansh_experimental_sinusoidalYaw_8_stripe_flipper.bag,stripe_flipper,experimental_sinusoidalYaw,8,Net,86640,0.014811000786721706,16.25689125061035,0.07563839115597927,6.954085169423212,0.119697567069627,6.928652431189008,servo_activity,8.264642238616943,3.1956536913526823,26.41093447754553,6.928652431189008,6.954085169423212,1.0036706615733415,8.150592565536499
stripe_flipper_vansh_yawPower_1_stripe_flipper.bag,stripe_flipper,yawPower,1,Fx,90040,-5.541714191436768,5.12724494934082,-1.9290906190872192,4.058169364929199,-1.822836995124817,4.015913298130032,servo_activity,8.498807668685913,1.917799270355192,16.299007145894954,4.015913298130032,4.058169364929199,1.010522156147854,0.8062734603881836
stripe_flipper_vansh_yawPower_1_stripe_flipper.bag,stripe_flipper,yawPower,1,Fy,90040,-5.5243144035339355,5.80452823638916,-0.7450175285339355,4.389321327209473,-0.7121381163597107,4.389321327209473,servo_activity,8.498807668685913,1.2971749422290215,11.024440346643214,4.389321327209473,4.389321327209473,1.0,8.947164297103882
stripe_flipper_vansh_yawPower_1_stripe_flipper.bag,stripe_flipper,yawPower,1,Fz,90040,-5.9800825119018555,5.544079303741455,-5.006659507751465,0.426006019115448,-4.989157199859619,0.40908384323120117,servo_activity,8.498807668685913,1.5978219288759992,13.57958126232586,4.989157199859619,5.006659507751465,1.0035080690366578,4.737681865692139
stripe_flipper_vansh_yawPower_1_stripe_flipper.bag,stripe_flipper,yawPower,1,Net,90040,0.03874640539288521,7.889557838439941,0.11775960988891161,6.692354137636982,0.13642418912163884,6.658823901289213,servo_activity,8.498807668685913,3.1058651445216205,26.39615050816463,6.658823901289213,6.692354137636982,1.0050354592409745,8.924817323684692
stripe_flipper_vansh_yawPower_2_stripe_flipper.bag,stripe_flipper,yawPower,2,Fx,88340,-6.127856254577637,4.597132682800293,-4.162510871887207,3.719845771789551,-4.153392314910889,3.7086715698242188,servo_activity,8.401591539382935,1.7115379597414468,14.37964284189647,4.153392314910889,4.162510871887207,1.0021954480301758,0.18632245063781738
stripe_flipper_vansh_yawPower_2_stripe_flipper.bag,stripe_flipper,yawPower,2,Fy,88340,-6.40054178237915,7.644023895263672,-2.795811414718628,5.197394847869873,-2.7238571643829346,5.197394847869873,servo_activity,8.401591539382935,1.039784307536194,8.735843040979232,5.197394847869873,5.197394847869873,1.0,1.2384536266326904
stripe_flipper_vansh_yawPower_2_stripe_flipper.bag,stripe_flipper,yawPower,2,Fz,88340,-6.515468597412109,2.4522671699523926,-3.6776318550109863,0.3579551577568054,-2.6996514797210693,0.3480794131755829,servo_activity,8.401591539382935,0.9160757600290422,7.696494354893793,2.6996514797210693,3.6776318550109863,1.3622617151273775,0.0
stripe_flipper_vansh_yawPower_2_stripe_flipper.bag,stripe_flipper,yawPower,2,Net,88340,0.030283363536000252,9.802144050598145,0.2845167180235736,5.80382282768996,0.3073939726015228,5.784266200150551,servo_activity,8.401591539382935,2.4173394470141853,20.309498645851,5.784266200150551,5.80382282768996,1.0033810040656324,1.2556934356689453
stripe_flipper_vansh_yawPower_3_stripe_flipper.bag,stripe_flipper,yawPower,3,Fx,57820,-4.117684841156006,4.153550148010254,-1.6824164390563965,3.249666929244995,-1.6705918312072754,3.2412471771240234,servo_activity,5.5669050216674805,1.6137017116303518,8.983324161948413,3.2412471771240234,3.249666929244995,1.002597688994655,4.582998752593994
stripe_flipper_vansh_yawPower_3_stripe_flipper.bag,stripe_flipper,yawPower,3,Fy,57820,-3.4807887077331543,7.341584205627441,-0.8863499164581299,6.905667304992676,-0.8821912407875061,6.291478633880615,servo_activity,5.5669050216674805,1.6500158205645192,9.18548135733141,6.291478633880615,6.905667304992676,1.097622308975915,2.8871891498565674
stripe_flipper_vansh_yawPower_3_stripe_flipper.bag,stripe_flipper,yawPower,3,Fz,57820,-7.150520324707031,2.8191909790039062,-6.1907877922058105,0.5817633867263794,-6.1806206703186035,0.5777069926261902,servo_activity,5.5669050216674805,1.734261832258045,9.654470902883556,6.1806206703186035,6.1907877922058105,1.0016450001431139,8.481475591659546
stripe_flipper_vansh_yawPower_3_stripe_flipper.bag,stripe_flipper,yawPower,3,Net,57820,0.004601200111210346,8.72761058807373,0.04766703779623085,8.032464119393456,0.061117244630010906,7.9960035249284935,servo_activity,5.5669050216674805,3.3096610234119668,18.42456857124921,7.9960035249284935,8.032464119393456,1.0045598522250887,4.702807664871216
stripe_flipper_vansh_yawPower_4_stripe_flipper.bag,stripe_flipper,yawPower,4,Fx,82020,-7.650100231170654,5.538921356201172,-1.7409225702285767,1.0327705144882202,-1.6720914840698242,1.0303572416305542,servo_activity,7.7535014152526855,0.5869533400564815,4.55094355281522,1.6720914840698242,1.7409225702285767,1.0411646652198834,1.162060022354126
stripe_flipper_vansh_yawPower_4_stripe_flipper.bag,stripe_flipper,yawPower,4,Fy,82020,-19.914854049682617,8.163094520568848,-4.7281599044799805,7.237217426300049,-4.009772300720215,7.211472988128662,servo_activity,7.7535014152526855,2.509774511456214,19.459540226540874,7.211472988128662,7.237217426300049,1.003569927837734,2.5642058849334717
stripe_flipper_vansh_yawPower_4_stripe_flipper.bag,stripe_flipper,yawPower,4,Fz,82020,-12.69372844696045,5.517360210418701,-7.195249080657959,0.9316498637199402,-7.185028076171875,0.9312121868133545,servo_activity,7.7535014152526855,1.991702290472364,15.44266652793949,7.185028076171875,7.195249080657959,1.00142254203849,6.040706634521484
stripe_flipper_vansh_yawPower_4_stripe_flipper.bag,stripe_flipper,yawPower,4,Net,82020,0.017385298386216164,23.37925148010254,0.0029830354152185746,7.661118185900109,0.07214104084934601,7.645548338590307,servo_activity,7.7535014152526855,3.7482082367740186,29.061737868489125,7.645548338590307,7.661118185900109,1.0020364592074076,6.258306264877319
