bag,flipper,gait,run,load_sample_rate_hz,command_median_rate_hz,command_timestamp_jitter_cv,encoder_median_rate_hz,encoder_timestamp_jitter_cv,status,active_interval_source,active_start_s,active_stop_s,active_duration_s,active_load_samples,fx_mean_n,fx_mean_abs_n,fx_rms_n,fx_std_n,fx_impulse_ns,fx_abs_impulse_ns,fx_dominant_hz,fx_band_power_n2,fx_spectral_entropy,fx_frequency_resolution_hz,fx_frequency_bin_spacing_hz,fx_welch_nperseg,fy_mean_n,fy_mean_abs_n,fy_rms_n,fy_std_n,fy_impulse_ns,fy_abs_impulse_ns,fy_dominant_hz,fy_band_power_n2,fy_spectral_entropy,fy_frequency_resolution_hz,fy_frequency_bin_spacing_hz,fy_welch_nperseg,fz_mean_n,fz_mean_abs_n,fz_rms_n,fz_std_n,fz_impulse_ns,fz_abs_impulse_ns,fz_dominant_hz,fz_band_power_n2,fz_spectral_entropy,fz_frequency_resolution_hz,fz_frequency_bin_spacing_hz,fz_welch_nperseg,net_mean_n,net_mean_abs_n,net_rms_n,net_std_n,net_impulse_ns,net_abs_impulse_ns,net_dominant_hz,net_band_power_n2,net_spectral_entropy,net_frequency_resolution_hz,net_frequency_bin_spacing_hz,net_welch_nperseg,observed_motion_peak_hz,expected_frequency_hz,frequency_reference,parameter_source,parameter_notes,parameter_row_assumption,response_status,dominant_motion_axis,gait_frequency_hz,cycles_analyzed,response_common_rate_hz,fx_power_at_gait_frequency,fx_power_at_second_harmonic,fx_power_at_third_harmonic,motion_fx_coherence,motion_to_fx_phase_deg,motion_to_fx_lag_s,fx_frequency_error_percent,fx_frequency_match_percent,fy_power_at_gait_frequency,fy_power_at_second_harmonic,fy_power_at_third_harmonic,motion_fy_coherence,motion_to_fy_phase_deg,motion_to_fy_lag_s,fy_frequency_error_percent,fy_frequency_match_percent,fz_power_at_gait_frequency,fz_power_at_second_harmonic,fz_power_at_third_harmonic,motion_fz_coherence,motion_to_fz_phase_deg,motion_to_fz_lag_s,fz_frequency_error_percent,fz_frequency_match_percent,net_power_at_gait_frequency,net_power_at_second_harmonic,net_power_at_third_harmonic,motion_net_coherence,motion_to_net_phase_deg,motion_to_net_lag_s,net_frequency_error_percent,net_frequency_match_percent,servo1_tracking_rmse_rad,servo2_tracking_rmse_rad
control_vansh_rollAmpAndFrequency_1_control.bag,control,rollAmpAndFrequency,1,10000.0,173.03234323432343,0.9617824670754808,20.825222809761424,0.16016304878971263,ok,servo_activity,0.2783684253692627,8.36435227394104,8.085983848571779,80860,-0.1256750791076551,0.43648812372489126,0.6749612673632583,0.663157965293263,-1.0162326911555688,3.5294189669484015,0.6866455078125,0.428885453271477,0.691871230866083,0.6103515625,0.0762939453125,16384,0.5225403905932391,1.2991601483481954,1.5776739141608869,1.4886257150883826,4.225049485105512,10.504796846312086,0.6103515625,2.132142209096557,0.5065495638519532,0.6103515625,0.0762939453125,16384,-0.7095865069568397,0.8352042111893401,1.1703050628986955,0.9306454369904312,-5.7374349567605645,6.753179713184563,0.6866455078125,0.6807655459643925,0.5341940888050171,0.6103515625,0.0762939453125,16384,1.7752431588845328,1.7752431588845328,2.077075259134986,1.0783104186384984,14.354262666525653,14.354262666525653,0.457763671875,1.0364109666787125,0.6172073317581541,0.6103515625,0.0762939453125,16384,0.5914191419141914,0.5,parameter_table,pdf,,table row N = filename run N,ok,servo1,0.5,4.042991924285889,173.03234323432343,0.2973618713698512,0.2082251114832023,0.03883484524515028,0.9828841724289329,63.95054864678719,-0.35528082581548437,37.3291015625,62.6708984375,2.4270215727928046,1.1648551458509149,0.09077884364790481,0.9951482835778103,33.51667002129958,-0.18620372234055324,22.0703125,77.9296875,0.568766872178049,0.46020653665389033,0.08982556520948919,0.940258491493996,-133.67108030717895,0.742617112817661,37.3291015625,62.6708984375,0.7388061709904392,0.6065081993851487,0.16277512514034082,0.9256462517600753,5.045394845348836,-0.028029971363049088,8.447265625,91.552734375,0.13335727476161174,0.17610468823003403
control_vansh_rollAmpAndFrequency_2_control.bag,control,rollAmpAndFrequency,2,10000.0,208.588820370002,1.0117971957737761,20.823723621595725,0.17029008173440846,ok,servo_activity,0.2360839366912842,8.585327196121217,8.349243259429933,83493,-0.20944150495069044,0.5704326504533519,0.8600747390502088,0.8341839202215988,-1.7487446019700386,4.762653739478553,0.6866455078125,0.6992994829897906,0.738104655844146,0.6103515625,0.0762939453125,16384,0.4744961237357017,1.416538151897152,1.7337734860010063,1.6675802617325128,3.961485393829239,11.826876899557638,0.6103515625,3.0509492975959875,0.5999906975059606,0.6103515625,0.0762939453125,16384,-0.9774855242764885,1.1429738230422004,1.4600166430166388,1.0845140145316212,-8.161360640830736,9.542919434096442,0.6866455078125,1.4435183657804442,0.5658021429275021,0.6103515625,0.0762939453125,16384,2.09308129092741,2.09308129092741,2.424324164668979,1.223257276686956,17.47550307549841,17.47550307549841,0.9918212890625,1.7342954559349473,0.6378370478027151,0.6103515625,0.0762939453125,16384,0.78125,0.75,parameter_table,pdf,,table row N = filename run N,ok,servo1,0.75,6.26193244457245,200.0,0.3976041482411412,0.09808185485539253,0.02742953394919159,0.9708146665535211,68.04294209013284,-0.25201089663012166,8.447265625,91.552734375,2.302076475855246,0.4210590435767265,0.2497242036977275,0.9882253594949283,37.110168258589255,-0.13744506762440467,18.619791666666668,81.38020833333333,1.114389197360351,0.4308330763263746,0.039660703766506405,0.9412629985693727,-153.4645085281959,0.5683870686229477,8.447265625,91.552734375,0.8994836173836671,0.5633407266219191,0.07261479266229609,0.9370739678866892,-6.239824662730867,0.023110461713818028,32.242838541666664,67.75716145833334,0.22179504849079407,0.21571986146157474
control_vansh_rollAmpAndFrequency_3_control.bag,control,rollAmpAndFrequency,3,10000.0,254.66326654523377,1.0006336264828541,20.820570861255895,0.1534317594989391,ok,servo_activity,0.2075953006744385,8.449269819259644,8.241674518585206,82417,-0.2762570968431957,0.694821867058932,0.9905130903037472,0.9512088090986376,-2.276824358483985,5.726488389459147,0.9918212890625,1.140527869442709,0.7570436304203176,0.6103515625,0.0762939453125,16384,0.6056382974003344,1.6662471892290038,1.9387821535729017,1.8417596183364437,4.991470292968972,13.732613973748643,0.91552734375,4.023540232228269,0.6327752739912648,0.6103515625,0.0762939453125,16384,-1.067647743258445,1.2726805478848924,1.5624253491815192,1.1407459261729327,-8.799071662364666,10.488890528254457,0.9918212890625,1.5649733693880612,0.6386992225344704,0.6103515625,0.0762939453125,16384,2.416297131952215,2.416297131952215,2.6797696529442323,1.1587379181507567,19.91420379201655,19.91420379201655,0.9918212890625,1.558491310182444,0.7810174255144098,0.6103515625,0.0762939453125,16384,0.9765625,1,parameter_table,pdf,,table row N = filename run N,ok,servo1,1,8.241674518585206,200.0,0.5362911299539581,0.041538370978132726,0.06548543457233093,0.9889204341673739,61.83215581252235,-0.17175598836811765,0.81787109375,99.18212890625,2.835351658033304,0.29586339430229824,0.01539898446374979,0.9952474979456283,46.531134778810774,-0.12925315216336328,8.447265625,91.552734375,1.0880654143451498,0.2897807514024019,0.11066040543925845,0.9977638402717299,-161.15629690391435,0.44765638028865096,0.81787109375,99.18212890625,0.5023990400368559,0.21268250530699326,0.22756977613864857,0.9897225544220756,-3.3966279093440805,0.009435077525955779,0.81787109375,99.18212890625,0.3328121798686054,0.24773436196749973
control_vansh_rollAmpAndFrequency_4_control.bag,control,rollAmpAndFrequency,4,10000.0,164.6245388178036,0.929984952101139,20.830600984340933,0.13860948465741077,ok,servo_activity,0.22725791931152345,8.404038953781129,8.176781034469606,81768,-0.3633130825139255,0.7918394770922854,1.0866715279045494,1.024137985640918,-2.970745153492611,6.474657424649476,0.9918212890625,1.3897383910347978,0.7061936518660112,0.6103515625,0.0762939453125,16384,0.5395919472856507,1.9922292187985589,2.2707572612084754,2.2057150926072695,4.411933149001364,16.28985759070811,0.9918212890625,6.2354565994544275,0.6113732882162891,0.6103515625,0.0762939453125,16384,-1.2230418788768331,1.410256285969901,1.7499387030238789,1.251580611408758,-10.00043483144464,11.531198818446494,0.9918212890625,1.6508690580597978,0.6360792052470663,0.6103515625,0.0762939453125,16384,2.797783929071841,2.797783929071841,3.0658569786,1.2537480207193359,22.876631437153016,22.876631437153016,4.9591064453125,1.719930038098033,0.7576764153995822,0.6103515625,0.0762939453125,16384,1.0449799827301987,1,parameter_table,pdf,,table row N = filename run N,ok,servo1,1,8.176781034469606,164.6245388178036,0.6772293786884186,0.045340455397110256,0.16438305736028647,0.9951435701472116,44.68265992240107,-0.12411849978444742,0.81787109375,99.18212890625,4.433577590043261,0.14266412072321644,0.4457714632523226,0.9990458441751715,24.921449082444614,-0.06922624745123504,0.81787109375,99.18212890625,1.150621942782626,0.3562875437038287,0.10586762613334097,0.9928978533319508,-179.24783067613743,0.4979106407670484,0.81787109375,99.18212890625,0.40723692097291037,0.3535132570601044,0.3640859732412513,0.9759524130290389,-12.495094815266835,0.03470859670907454,395.91064453125,0.0,0.4513324637097388,0.2442722838512121
control_vansh_rollAmpAndFrequency_5_control.bag,control,rollAmpAndFrequency,5,10000.0,150.3819870209028,0.9335498979671764,20.824705823941215,0.13161744879782467,ok,servo_activity,0.2,8.385842609405518,8.185842609405519,81859,-0.3374562947917073,0.6281818720237639,0.95236243542029,0.8905714219000731,-2.762393415412506,5.142221310623231,0.762939453125,0.7820572167087922,0.6862120883360258,0.6103515625,0.0762939453125,16384,0.4592611914704531,1.6847036668545847,1.9764513996569815,1.9223525413448963,3.7592763302370074,13.790625889483971,0.762939453125,4.351859331040238,0.5541253866649625,0.6103515625,0.0762939453125,16384,-1.0637872114633,1.1813608538981974,1.5205415233242656,1.0864636638564653,-8.707925724429316,9.670371804037142,0.8392333984375,1.4235126560971147,0.5741172348830196,0.6103515625,0.0762939453125,16384,2.368770169650465,2.368770169650465,2.669344651362762,1.2305806560860173,19.390283644569337,19.390283644569337,1.2969970703125,1.6921304480405024,0.6508041079095414,0.6103515625,0.0762939453125,16384,0.734287046000502,0.75,parameter_table,pdf,,table row N = filename run N,ok,servo1,0.75,6.139381957054139,150.3819870209028,0.5289065500864338,0.06342265743792781,0.024102294183301134,0.9991775117734738,60.27367989104263,-0.22323585144830604,1.7252604166666667,98.27473958333333,4.035482006693872,0.566513785004602,0.05906774331310123,0.9999029910718807,30.64024148176313,-0.11348237585838196,1.7252604166666667,98.27473958333333,1.1191180143191424,0.41511213435297944,0.0958270013101672,0.9925114084750422,-155.4149852938911,0.5756110566440411,11.897786458333334,88.10221354166667,0.7570659059963223,0.8390768539573401,0.10022998685328939,0.9948932344682548,-9.993102323778121,0.03701149008806712,72.93294270833333,27.06705729166667,0.30344141570550004,0.2095964859671618
control_vansh_rollAmpAndFrequency_6_control.bag,control,rollAmpAndFrequency,6,10000.0,170.361657189277,0.9613511852134331,20.82480921905178,0.16293025379267578,ok,servo_activity,0.2359475612640381,8.35422043800354,8.118272876739503,81183,-0.2351364121464257,0.49973428873119413,0.7689321324684639,0.7320980071174935,-1.9089614005953703,4.056939410339411,0.6103515625,0.41957143160476684,0.6098370423697789,0.6103515625,0.0762939453125,16384,0.3876148194120677,1.561973976048688,1.8360828975793007,1.7947019692849704,3.1467493397484523,12.680529847349627,0.5340576171875,3.7110449770021754,0.4825628124725524,0.6103515625,0.0762939453125,16384,-0.8099518914786574,0.9054962121203005,1.2405404443918695,0.9396374447956628,-6.575306186492322,7.35094824516873,0.762939453125,0.7785375771168547,0.5469175827146143,0.6103515625,0.0762939453125,16384,2.057301441973261,2.057301441973261,2.3455058356989174,1.1264583446148457,16.701617416950363,16.701617416950363,0.762939453125,1.5874815393769433,0.548307424532416,0.6103515625,0.0762939453125,16384,0.5822908204711617,0.5,parameter_table,pdf,,table row N = filename run N,ok,servo1,0.5,4.059136438369752,170.361657189277,0.40220209488167746,0.21209498264222187,0.03152653098554994,0.9891454529252925,64.55604933314186,-0.3586447185174548,22.0703125,77.9296875,4.2293270079740966,2.132829073763344,0.19319954762174163,0.9974560864992466,33.41414821896035,-0.18563415677200193,6.8115234375,93.1884765625,0.5873610503572435,0.6072910165907139,0.16601031591372625,0.9327336239277232,-132.72913929635652,0.7373841072019807,52.587890625,47.412109375,1.2498155212859736,1.2161636374494533,0.3269034130275051,0.8566525988709607,1.2725866965832895,-0.007069926092129386,52.587890625,47.412109375,0.16368544652512546,0.17491213338312625
control_vansh_rollAmpAndFrequency_7_control.bag,control,rollAmpAndFrequency,7,10000.0,120.58835029613019,1.0128347919772611,20.82015745529997,0.17019459127837802,ok,servo_activity,3.095739793777466,8.247494983673096,5.15175518989563,51517,-0.31423708583058513,0.5534964632924578,0.8306824475304724,0.7689527830263166,-1.6187815629851214,2.851282876433495,0.5340576171875,0.47752787629509313,0.603451295682576,0.6103515625,0.0762939453125,16384,0.28351587631985165,1.7889430355436933,2.159535594679224,2.1408439299867554,1.4605876898090988,9.21596610557647,0.457763671875,4.527872109311366,0.4612974323254464,0.6103515625,0.0762939453125,16384,-1.0416789922831695,1.2195996194225172,1.7251210128716032,1.3751172263072942,-5.366243037069765,6.282836731903542,0.762939453125,1.3612129273538995,0.5333300067570014,0.6103515625,0.0762939453125,16384,2.4940335790700545,2.4940335790700545,2.886116737481856,1.4524001958289339,12.848200228860145,12.848200228860145,0.6103515625,2.1884066357805483,0.53388312615709,0.6103515625,0.0762939453125,16384,0.47104824334425854,0.5,parameter_table,pdf,,table row N = filename run N,ok,servo1,0.5,2.575877594947815,120.58835029613019,0.46458016226535087,0.19505691744401374,0.04411006456701912,0.9664993296724597,76.95733389415881,-0.42754074385643787,6.8115234375,93.1884765625,5.85757656136166,1.848412632447093,0.1669237114414376,0.9932017884121765,29.462453499546676,-0.16368029721970376,8.447265625,91.552734375,1.085687136117694,1.029938785270096,0.2405115237489186,0.8653200835700319,-130.1787449847775,0.7232152499154306,52.587890625,47.412109375,1.8484604786015986,1.430513490053103,0.3672055185873042,0.8008701080190903,4.635940268331753,-0.025755223712954183,22.0703125,77.9296875,0.22247047642037546,0.17266217828730873
control_vansh_rollAmpAndFrequency_8_control.bag,control,rollAmpAndFrequency,8,10000.0,246.79635186819652,1.519969186058314,20.827497852350994,0.15896571119458666,ok,servo_activity,0.20269675254821778,8.28067331314087,8.077976560592653,51222,-0.2754406805999329,0.6276984174459175,0.889667537317069,0.8459555298161153,-1.410871643053133,3.215187444957322,0.6866455078125,0.7712019348691884,0.6950789391023402,0.6103515625,0.0762939453125,16384,0.4918220318362721,1.932182452966363,2.288278504674807,2.2347996787088573,2.5189527274845167,9.896766876597068,0.762939453125,5.856353004057128,0.5656928671907917,0.6103515625,0.0762939453125,16384,-1.2985624203457116,1.4521088160672107,1.8551318235056993,1.324858378487855,-6.65140895728398,7.437891667270176,0.6866455078125,1.8319903509184408,0.6033875431448381,0.6103515625,0.0762939453125,16384,2.730596114931676,2.730596114931676,3.077213175016669,1.4188325417808143,13.986375539401912,13.986375539401912,1.1444091796875,2.3303195309577003,0.6556021687481587,0.6103515625,0.0762939453125,16384,0.78125,0.75,parameter_table,pdf,,table row N = filename run N,ok,servo1,0.75,6.05848242044449,200.0,0.43969962059360146,0.08887654132161005,0.03396720315935817,0.7195331592247609,59.068527679046205,-0.21877232473720817,8.447265625,91.552734375,5.181138491244912,0.45853507642885266,0.34028071891347433,0.7335601116120513,24.16176783767665,-0.08948802902843203,1.7252604166666667,98.27473958333333,1.5496849347737147,0.4378568078270779,0.18082654337914308,0.5327444015818753,-151.14123582791692,0.5597823549182108,8.447265625,91.552734375,0.7014675808183898,0.8331094540783709,0.3758142357090022,0.4416388355037277,6.1665362427009605,-0.022839023121114667,52.587890625,47.412109375,0.4591354690261871,0.21508595952581555
control_vansh_rollAmpAndFrequency_9_control.bag,control,rollAmpAndFrequency,9,10000.0,210.44122221664745,1.0067154503228861,20.834895174890654,0.15286194177622445,ok,servo_activity,0.3506354808807373,8.557861137390137,8.2072256565094,82072,-0.3297664216087835,0.7727907205756482,1.0629797470644653,1.0105345366926222,-2.7064888217281653,6.342406788827057,0.91552734375,1.2913438173147307,0.7052799284522904,0.6103515625,0.0762939453125,16384,0.5546116693366957,2.2220461549254313,2.5275821908613794,2.4659841093963224,4.551513883867122,18.236482193990994,0.9918212890625,7.996885546106546,0.6225149708362675,0.6103515625,0.0762939453125,16384,-1.2684005582275533,1.4270628554869287,1.786927278757584,1.258677529574599,-10.409830564601547,11.712003770668693,0.9918212890625,1.7666494092020872,0.6451742861189034,0.6103515625,0.0762939453125,16384,2.9885726216944426,2.9885726216944426,3.272874390164833,1.334219044480792,24.527450939534326,24.527450939534326,2.13623046875,2.1708966682571917,0.7354855235769413,0.6103515625,0.0762939453125,16384,0.9765625,1,parameter_table,pdf,,table row N = filename run N,ok,servo1,1,8.2072256565094,200.0,0.5337208893058351,0.05295377567354946,0.3087036207543081,0.9841793851882692,54.50918254557075,-0.15141439595991876,8.447265625,91.552734375,5.345874478254887,0.08436110468754549,1.6673476099276676,0.9902583437761823,32.90556877011455,-0.09140435769476264,0.81787109375,99.18212890625,1.2210678037944331,0.41030165632774074,0.05667552825599701,0.9982455555457161,-172.89868502182264,0.48027412506061845,0.81787109375,99.18212890625,0.4030478801212121,0.8144405587231892,0.46599599927769625,0.9860721743044095,10.64999371363638,-0.02958331587121217,113.623046875,0.0,0.5917622817120487,0.24561095458908117
control_vansh_rollAmpAndFrequency_10_control.bag,control,rollAmpAndFrequency,10,10000.0,170.45166009672045,0.9521218547551871,20.824860916992083,0.11068138120461729,ok,servo_activity,0.35273237228393556,8.66487889289856,8.312146520614625,83121,-0.280222872967786,0.6139438437183593,0.8654034085393901,0.8187784810174695,-2.329284274757029,5.103088283091974,0.3814697265625,0.6563447820937207,0.5860495699376675,0.6103515625,0.0762939453125,16384,0.4751755975165311,2.1003956580309664,2.527412046612896,2.4823415971394422,3.949746283901556,17.458566357323683,0.30517578125,7.032269906865422,0.47227068394828703,0.6103515625,0.0762939453125,16384,-1.1753092604824305,1.3600283056579374,1.8663662254090982,1.4498175849299275,-9.769030332468638,11.30443350787197,0.2288818359375,1.1615140838063551,0.5777170748241773,0.6103515625,0.0762939453125,16384,2.89340786784993,2.89340786784993,3.2588429848986875,1.4994160564991665,24.04999082755686,24.04999082755686,0.9918212890625,1.7528136741655302,0.6029318082409476,0.6103515625,0.0762939453125,16384,0.5825984475962125,0.5,parameter_table,pdf,,table row N = filename run N,ok,servo1,0.5,4.156073260307313,170.45166009672045,0.5713022822807601,0.28703651522320417,0.016103115601359037,0.9827119907867702,76.28584031094513,-0.4238102239496952,23.7060546875,76.2939453125,7.709444867835442,3.152447374711791,0.49822315232789605,0.9983879209743214,28.06027998364265,-0.15589044435357027,38.96484375,61.03515625,0.853282256875272,0.3122724439458169,0.42848544981545705,0.9302161310003606,-126.61702654422932,0.7034279252457185,54.2236328125,45.7763671875,0.5946107126753647,1.4879969005533167,0.45076464173138575,0.9230981822816468,9.670649259789656,-0.053725829221053636,98.3642578125,1.6357421875,0.304472540578099,0.1714462302405619
control_vansh_rollAmpAndFrequency_11_control.bag,control,rollAmpAndFrequency,11,10000.0,303.9350724637681,1.0732205027122905,20.831635567166476,0.14801250424406415,ok,servo_activity,0.2,8.494039344787598,8.294039344787599,51096,-0.2745257523709622,0.7754376615216835,1.0405351087233035,1.003667735742748,-1.4028028167082434,3.9620902429176192,0.8392333984375,1.179261000720466,0.6983844166283671,0.6103515625,0.0762939453125,16384,0.47080829001634994,2.253699337197194,2.648797443434902,2.6066199282594225,2.405337173259598,11.515197267934838,0.8392333984375,7.393722110916386,0.5805919406600027,0.6103515625,0.0762939453125,16384,-1.3865878691588829,1.6166621715466754,2.015727911775685,1.463056080747759,-7.084469172217993,8.260056827698659,0.762939453125,2.429868747416503,0.5974282631857892,0.6103515625,0.0762939453125,16384,3.155973284855338,3.155973284855338,3.4874059447022594,1.483857421865074,16.12519395050232,16.12519395050232,1.373291015625,2.2695002741762953,0.6718268257061822,0.6103515625,0.0762939453125,16384,0.78125,0.75,parameter_table,pdf,,table row N = filename run N,ok,servo1,0.75,6.220529508590699,200.0,0.566357502656308,0.08964814132160683,0.16426116196004273,0.6316774318736638,68.03844834802373,-0.25199425314082863,11.897786458333334,88.10221354166667,6.09585012420201,0.7756014212454156,1.1013163293106891,0.6172681427447493,27.94794623822576,-0.10351091199342875,11.897786458333334,88.10221354166667,2.240618988978545,0.25173524756763865,0.08090998687665754,0.5947868600578881,-144.54777767783605,0.535362139547541,1.7252604166666667,98.27473958333333,0.784380357747278,1.0513560014870853,0.2630890865710422,0.5971148976375238,35.86446763467403,-0.13283136160990383,83.10546875,16.89453125,0.5529864868793357,0.2125518321695761
control_vansh_rollAmpAndFrequency_12_control.bag,control,rollAmpAndFrequency,12,10000.0,170.38241865377586,1.081783409652757,20.81623091735652,0.20979657667766233,ok,servo_activity,0.206072998046875,8.340031671524049,8.133958673477174,81340,-0.3976834174542283,0.9541230908219213,1.2572600491593504,1.192707311411353,-3.234762878204064,7.7607310422710825,0.9918212890625,1.6608037839200542,0.6938583209184479,0.6103515625,0.0762939453125,16384,0.4761892550313678,2.7263241084353362,3.106378515796029,3.069663055905617,3.873200972449015,22.175649735495384,0.9918212890625,12.121816635676256,0.6215893757227312,0.6103515625,0.0762939453125,16384,-1.3786900406161509,1.6052424874979672,1.9498139923283668,1.378763350464945,-11.214079306686635,13.05678021917004,1.068115234375,1.8723490808070837,0.6981521508346531,0.6103515625,0.0762939453125,16384,3.58236284114985,3.58236284114985,3.8771206996030947,1.4828153606027838,29.13849041317722,29.13849041317722,1.983642578125,2.3946946977964862,0.7329464225494894,0.6103515625,0.0762939453125,16384,0.9983344842994679,1,parameter_table,pdf,,table row N = filename run N,ok,servo1,1,8.133958673477174,170.38241865377586,0.9692675193391257,0.04596371854590602,0.2892024504409446,0.995947571700361,57.136112001399304,-0.15871142222610918,0.81787109375,99.18212890625,7.9753570330251895,0.3646176677618577,3.204117217694426,0.9991576189305776,23.611240153824006,-0.06558677820506668,0.81787109375,99.18212890625,0.9708197875194788,0.5640492037279426,0.0184698189168242,0.997423364075943,176.38674131354162,-0.4899631703153934,6.8115234375,93.1884765625,0.1702025286269501,1.1917415577195514,0.24097242768570842,0.9526190028675738,-4.709907001052518,0.013083075002923661,98.3642578125,1.6357421875,0.7841890657694525,0.2550236861500201
control_vansh_experimental_sinusoidalYaw_1_control.bag,control,experimental_sinusoidalYaw,1,10000.0,211.73729113029432,0.9586245522031482,20.81762570199798,0.11115428228222816,ok,servo_activity,0.20638008117675782,8.201911020278931,7.995530939102173,52903,-0.31073674684934116,0.9033381885720008,1.1466711891968753,1.1037651427236068,-1.6439747616915832,4.7788458691679425,1.1444091796875,0.9144803130255108,0.6931575638556302,0.6103515625,0.0762939453125,16384,-0.30192442982491163,2.9884026952241802,4.164144366724717,4.153184313945156,-1.5971868487784684,15.809462816220222,0.6103515625,15.837765027347112,0.4815086431446923,0.6103515625,0.0762939453125,16384,-1.2286803747577009,1.3633901383635847,1.8949195175667413,1.4425895170632037,-6.500041907107873,7.212696969512081,0.5340576171875,1.3049925167892917,0.5596595026635663,0.6103515625,0.0762939453125,16384,3.7768852631502288,3.7768852631502288,4.716531893363464,2.8250328865543084,19.980721575263818,19.980721575263818,0.5340576171875,5.597048126918832,0.5902189840643607,0.6103515625,0.0762939453125,16384,0.48828125,0.5,parameter_table,pdf,Rows 5-8 repeat settings 1-4; retained as separate runs.,table row N = filename run N,ok,servo1,0.5,3.9977654695510867,200.0,0.3169044994257783,0.3612469078333416,0.29803507194363843,0.6483158251448299,151.7386869896118,-0.8429927054978433,128.8818359375,0.0,18.122588228524464,11.862101186866147,0.8954624763608799,0.7602981784442457,-2.246132240740532,0.012478512448558512,22.0703125,77.9296875,1.3306614940766923,0.49449810076175904,0.2184971378739533,0.7780956770101068,95.56630665478387,-0.5309239258599104,6.8115234375,93.1884765625,3.881944368261832,1.7186991105312355,2.895838527138945,0.7161532926721569,-83.67879176443712,0.46488217646909513,6.8115234375,93.1884765625,0.29670535310866136,0.04659777153415023
control_vansh_experimental_sinusoidalYaw_2_control.bag,control,experimental_sinusoidalYaw,2,10000.0,237.43583356920465,1.013427956188489,20.819744065760606,0.10702197534602627,ok,servo_activity,0.22799010276794435,8.431969928741456,8.203979825973512,82040,-0.13089163390714456,0.9423199083478253,1.175719006556222,1.1684102715016964,-1.0739453510650356,7.730682141594739,1.068115234375,1.0954426737115153,0.7015633063003265,0.6103515625,0.0762939453125,16384,-0.2798474147286357,2.817812755481932,3.9050954281656294,3.895055291975943,-2.2958604108891376,23.117253648397014,0.457763671875,15.605119281353266,0.4779657033667566,0.6103515625,0.0762939453125,16384,-1.018240511611871,1.308787079771606,2.001038551890868,1.7225973257456013,-8.353599879442518,10.737237305420404,0.5340576171875,1.464158259551242,0.6594909466126744,0.6103515625,0.0762939453125,16384,3.631818594310755,3.631818594310755,4.542712930794896,2.728760610539115,29.79528076867937,29.79528076867937,0.5340576171875,5.217345117814388,0.5756065325438203,0.6103515625,0.0762939453125,16384,0.48828125,0.5,parameter_table,pdf,Rows 5-8 repeat settings 1-4; retained as separate runs.,table row N = filename run N,ok,servo1,0.5,4.101989912986756,200.0,0.2270977542491253,0.5512851374259515,0.33626245693616147,0.6099600961820902,-136.3365061982357,0.7574250344346428,113.623046875,0.0,17.745623857679522,8.768593500159364,1.0211229924033316,0.9325378557894604,0.3728026259629887,-0.0020711256997943818,8.447265625,91.552734375,1.015406754254076,0.44561232139137114,0.5109247043080247,0.941851458918536,69.66904744723311,-0.3870502635957395,6.8115234375,93.1884765625,4.598830300057049,2.786443053012582,0.9838735076075168,0.748346101567633,-86.31821299262818,0.47954562773682324,6.8115234375,93.1884765625,0.3105567676848976,0.064772741492334
control_vansh_experimental_sinusoidalYaw_3_control.bag,control,experimental_sinusoidalYaw,3,10000.0,131.2483649904559,0.9167364624052535,20.816540853346833,0.10371619273264146,ok,servo_activity,0.28284807205200196,8.56109528541565,8.278247213363649,82782,-0.49773237280924026,1.3922939826589769,1.7059266951247571,1.6317010676582153,-4.120239468027414,11.525538453000202,0.762939453125,3.065981366142203,0.49067406282608866,0.6103515625,0.0762939453125,16384,-0.5166176062869828,2.808741156710127,3.3331195815550996,3.2928395639357153,-4.276743723547668,23.251241188295005,0.457763671875,11.663150119929435,0.44046117384150957,0.6103515625,0.0762939453125,16384,-2.377812213765826,2.4935614122689342,3.0990155270403266,1.9874371217482825,-19.683870970153386,20.642022962363583,0.8392333984375,2.7811954466273012,0.5382520454783366,0.6103515625,0.0762939453125,16384,4.524603342410731,4.524603342410731,4.860428918410633,1.7753123287940047,37.45531807500056,37.45531807500056,0.91552734375,2.10621151985789,0.5971425881877571,0.6103515625,0.0762939453125,16384,0.6408611571799605,0.5,parameter_table,pdf,Rows 5-8 repeat settings 1-4; retained as separate runs.,table row N = filename run N,ok,servo1,0.5,4.139123606681824,131.2483649904559,2.665455832846948,2.4506195629272756,0.33578674424495786,0.9949576089590484,-137.39740405970954,0.7633189114428308,52.587890625,47.412109375,13.394083478270515,7.028006657620862,0.45545979165985456,0.9990496429245592,2.0347794939212007,-0.01130433052178445,8.447265625,91.552734375,1.3322814550217084,2.087942963718098,1.3212580172678259,0.9326057517290648,114.43701736905429,-0.6357612076058572,67.8466796875,32.1533203125,1.0523524605074988,1.4629701403556326,0.6921115152331095,0.9449433994902958,-132.67327999440354,0.7370737777466865,83.10546875,16.89453125,0.3565046276399378,0.09256157080555727
control_vansh_experimental_sinusoidalYaw_4_control.bag,control,experimental_sinusoidalYaw,4,10000.0,191.54696990455312,1.087747944126736,20.827394430540657,0.1528812407564344,ok,servo_activity,0.2164182186126709,8.374960231781007,8.158542013168336,81585,-0.45307207666693255,1.095262393470874,1.3298640858622752,1.2503056347193744,-3.6963028396127426,8.9356125392577,0.5340576171875,1.459672205145919,0.5007748751323653,0.6103515625,0.0762939453125,16384,-0.6010600095073831,2.712188998856721,3.2330856106869357,3.176723064889652,-4.903899932311861,22.12724210242669,0.5340576171875,9.002479451280037,0.43384503854933837,0.6103515625,0.0762939453125,16384,-2.158060141078948,2.262634480975673,2.810094974950766,1.7998361580237954,-17.60636643386706,18.459536185914487,0.762939453125,2.9517584535889014,0.5087023487690887,0.6103515625,0.0762939453125,16384,4.241046890607099,4.241046890607099,4.485311006066443,1.4599781138128844,34.600307958075035,34.600307958075035,0.3814697265625,1.459751199661605,0.546492147648536,0.6103515625,0.0762939453125,16384,0.4676439694935379,0.5,parameter_table,pdf,Rows 5-8 repeat settings 1-4; retained as separate runs.,table row N = filename run N,ok,servo1,0.5,4.079271006584168,191.54696990455312,1.6506394236879736,0.9059143600477771,0.1839248806828627,0.9568517561655122,-142.22784620760453,0.7901547011533585,6.8115234375,93.1884765625,11.297222808207506,4.518208268077903,0.21624206616495822,0.992721479534525,14.147330908609748,-0.07859628282560971,6.8115234375,93.1884765625,2.362036394591964,2.2932171650150783,0.7601612822777537,0.952618293331681,122.02534352572623,-0.6779185751429234,52.587890625,47.412109375,1.0060860154602629,0.7044820992342407,0.6270576280866453,0.964159826473171,-97.74120353783309,0.5430066863212949,23.7060546875,76.2939453125,0.19117326381445893,0.0919954305290021
control_vansh_experimental_sinusoidalYaw_5_control.bag,control,experimental_sinusoidalYaw,5,10000.0,123.58724733337262,0.8908284468546708,20.809414659800158,0.10145806825522559,ok,servo_activity,0.2023646354675293,8.444420862197877,8.242056226730348,82421,-0.24558269337086366,0.8011201758119963,0.9779091805027009,0.9465703914808324,-2.0241927905346793,6.602836927557372,0.5340576171875,1.0105994794331852,0.5237432939761518,0.6103515625,0.0762939453125,16384,-0.17506239859197784,1.101349771408433,1.3521460315439549,1.3407654706246315,-1.4427772717732075,9.077310354213454,0.5340576171875,2.2487080050500623,0.468605620863811,0.6103515625,0.0762939453125,16384,-0.4509162286393514,0.5749784700034368,0.8357986185127936,0.7037285595011463,-3.7164189395528737,4.738952339099802,0.6866455078125,0.5393659688075083,0.5588471773312389,0.6103515625,0.0762939453125,16384,1.607271729241395,1.607271729241395,1.8663238161260827,0.9486001133358571,13.24711294613306,13.24711294613306,0.762939453125,0.988586096807461,0.5530991475444683,0.6103515625,0.0762939453125,16384,0.5431080205079851,0.5,parameter_table,pdf,Rows 5-8 repeat settings 1-4; retained as separate runs.,table row N = filename run N,ok,servo1,0.5,4.121028113365174,123.58724733337262,1.2069361526162945,0.43752491190291953,0.028677138702662353,0.9868160606631656,39.79747685921374,-0.22109709366229854,6.8115234375,93.1884765625,2.7217219135585795,1.3542851969449943,0.19090981157813414,0.9832835257354563,30.280986227854413,-0.16822770126585787,6.8115234375,93.1884765625,0.46036067159590466,0.38607345226221446,0.10151311982791139,0.8940948776274756,67.79230845160386,-0.37662393584224363,37.3291015625,62.6708984375,0.7664667519232866,0.6748753724712118,0.16519830793915344,0.7006225184904417,-98.94404173010432,0.5496891207228017,52.587890625,47.412109375,0.25275640908150354,0.04403181291534808
control_vansh_experimental_sinusoidalYaw_6_control.bag,control,experimental_sinusoidalYaw,6,10000.0,163.56526147486645,0.9545348591925219,20.82455073320044,0.10562032452072585,ok,servo_activity,0.23116440773010255,8.35426025390625,8.123095846176149,81231,-0.2148992023480758,0.8348864868543493,1.014777333786533,0.9917617506221265,-1.7457180873266,6.78177993315839,0.3814697265625,1.0338824643070532,0.5330403832938352,0.6103515625,0.0762939453125,16384,0.16530925017891085,1.220194378892175,1.4938887816676913,1.4847142970275007,1.3428003891136628,9.91173777816438,0.5340576171875,2.586004030336814,0.4830508465333664,0.6103515625,0.0762939453125,16384,-0.5109140705751299,0.6046950889117476,0.8343757311989002,0.6596587551924484,-4.150135388040146,4.9119279780903256,0.6866455078125,0.4115526668506392,0.6135391033791064,0.6103515625,0.0762939453125,16384,1.7469969826071392,1.7469969826071392,1.989386737156248,0.9516622997338567,14.190908815263683,14.190908815263683,0.762939453125,0.9678881063273359,0.5979116880799341,0.6103515625,0.0762939453125,16384,0.5590609523066724,0.5,parameter_table,pdf,Rows 5-8 repeat settings 1-4; retained as separate runs.,table row N = filename run N,ok,servo1,0.5,4.061547923088074,163.56526147486645,1.0896413778505882,0.4432354143220564,0.027887994513847325,0.9968948833565353,40.29233055723792,-0.223846280873544,23.7060546875,76.2939453125,3.002716860025184,1.6444323511454795,0.32980589017809725,0.9928412260763309,28.78801935826544,-0.15993344087925246,6.8115234375,93.1884765625,0.27636104535288636,0.18700836472044713,0.1783396434319857,0.9024929604657276,78.98723994730484,-0.43881799970724916,37.3291015625,62.6708984375,0.6567777846222516,0.6520082808312173,0.24337524448519354,0.8703821289254173,-58.85220884129668,0.32695671578498153,52.587890625,47.412109375,0.2577144803017901,0.05833082914752224
control_vansh_experimental_sinusoidalYaw_7_control.bag,control,experimental_sinusoidalYaw,7,10000.0,234.35793708442756,1.042453627244295,20.826050040467337,0.18226517620824723,ok,servo_activity,0.21480746269226075,8.451674270629884,8.236866807937623,82368,-0.06823480302935846,0.6147857117193164,0.8367732970879831,0.8339865480779883,-0.562014783404982,5.063770445735512,0.6103515625,0.6039841589544525,0.6415853881290391,0.6103515625,0.0762939453125,16384,0.41359434284003016,1.0936037497037783,1.4625219228499624,1.402822189155659,3.406735593462874,9.00775365520197,0.6103515625,2.328360759564247,0.5034390227204322,0.6103515625,0.0762939453125,16384,-0.42936664911095124,0.6097806955466737,0.975484674886162,0.8759078898885397,-3.53660691737982,5.0225811724875244,1.2969970703125,0.34739477653907724,0.672135827418789,0.6103515625,0.0762939453125,16384,1.6156949839956836,1.6156949839956836,1.9469797832730584,1.0863977150036699,13.308032356164151,13.308032356164151,0.457763671875,0.9207992243382025,0.6769653612344273,0.6103515625,0.0762939453125,16384,0.48828125,0.5,parameter_table,pdf,Rows 5-8 repeat settings 1-4; retained as separate runs.,table row N = filename run N,ok,servo1,0.5,4.118433403968812,200.0,0.4484469649015017,0.2103104510257968,0.07794100443564142,0.9757264934557709,44.30570154911155,-0.24614278638395304,22.0703125,77.9296875,2.182709364817796,1.6387680161414326,0.36928168110257925,0.969757572014835,26.509020910310497,-0.14727233839061388,22.0703125,77.9296875,0.14755789031469166,0.1211259870158341,0.13246689881377374,0.9389903582464653,76.5020160020844,-0.42501120001158,159.3994140625,0.0,0.5308339845534945,0.39358403156813515,0.18399356308529957,0.9241421420026495,-37.30546337959627,0.20725257433109037,8.447265625,91.552734375,0.26915762424135664,0.08958481612126047
control_vansh_experimental_sinusoidalYaw_8_control.bag,control,experimental_sinusoidalYaw,8,10000.0,117.17896854221378,0.9226510822266716,20.816127607410678,0.10695577582135112,ok,servo_activity,3.277669620513916,8.433082628250123,5.155413007736207,51554,-0.4307177497026574,0.7948783664326357,0.9650761730785574,0.8636285312187367,-2.220563211908585,4.097768853920597,0.5340576171875,0.6960026850785516,0.5779696085550378,0.6103515625,0.0762939453125,16384,-0.22576045244348153,1.1350243539302929,1.4043341698479173,1.386068785708326,-1.1638567353819227,5.851455686550493,0.3814697265625,1.9444944877711376,0.489239014141945,0.6103515625,0.0762939453125,16384,-0.5805557877155276,0.6989560989174609,0.9760390121312508,0.7846063538820924,-2.9928654739882825,3.6032664383587294,0.152587890625,0.40287525356983556,0.5580304215357507,0.6103515625,0.0762939453125,16384,1.7401525022144149,1.7401525022144149,1.9637155174944614,0.9099713746516708,8.970966064162663,8.970966064162663,0.6103515625,0.905507879671783,0.5909772241649883,0.6103515625,0.0762939453125,16384,0.5149466391015254,0.5,parameter_table,pdf,Rows 5-8 repeat settings 1-4; retained as separate runs.,table row N = filename run N,ok,servo1,0.5,2.5777065038681033,117.17896854221378,0.6804756999072514,0.2643588834301326,0.0980272200774773,0.9959951463876946,43.69832674140106,-0.24276848189667258,6.8115234375,93.1884765625,2.2946543182401617,0.9496990197729271,0.06445517812820113,0.9845888245970967,38.24900275752563,-0.21249445976403128,23.7060546875,76.2939453125,0.342156733821107,0.1790265866464945,0.08545744263988356,0.9860672191315342,62.47263238542101,-0.34707017991900563,69.482421875,30.517578125,0.5927718954829192,0.5247407137624734,0.39002442407538745,0.7394985544584245,-82.13599614469577,0.4563110896927543,22.0703125,77.9296875,0.16792649652203515,0.08377035991613062
control_vansh_yawPower_1_control.bag,control,yawPower,1,10000.0,258.44500585371867,1.0351227474049471,20.814216558360194,0.1757490948393286,ok,servo_activity,0.2,8.341221857070924,8.141221857070924,81412,-0.3513343229339522,0.5455594413893928,0.8112838171723818,0.7312630344372208,-2.8603639102317593,4.441426868629112,0.457763671875,0.38643465739170996,0.6678128144917991,0.6103515625,0.0762939453125,16384,0.46223781618134907,1.8202879360417932,2.1747363910554887,2.12504460467844,3.7630850780979896,14.819242713905837,0.5340576171875,5.376106806512143,0.4873087771303508,0.6103515625,0.0762939453125,16384,-1.073656200682023,1.171994971719529,1.6068903701316308,1.1955580388918028,-8.74065388021117,9.541249482981714,0.6866455078125,1.2942310181945018,0.5569065996573948,0.6103515625,0.0762939453125,16384,2.4781754061861205,2.4781754061861205,2.8230757099675188,1.3521845733415498,20.17508145412254,20.17508145412254,0.8392333984375,2.1524427118345395,0.5676654798138145,0.6103515625,0.0762939453125,16384,0.48828125,0.5,parameter_table,pdf,,table row N = filename run N,ok,servo1,0.5,4.070610928535462,200.0,0.33502253772074225,0.16409279278300457,0.0369395859479392,0.9684530860728563,70.08952784276362,-0.3893862657931312,8.447265625,91.552734375,6.277379266369795,2.881109182827433,0.4571635102355196,0.9966440562404791,27.5528658034532,-0.15307147668585114,6.8115234375,93.1884765625,1.0795094080105854,0.8281086732331568,0.2472958870063786,0.9510522052064718,-131.53004351534318,0.7307224639741289,37.3291015625,62.6708984375,1.4376043439330881,1.6718163124676597,0.5696181882299147,0.8751732897914826,6.995293586652722,-0.03886274214807068,67.8466796875,32.1533203125,0.2532869552251534,0.17517491993286607
control_vansh_yawPower_2_control.bag,control,yawPower,2,10000.0,222.03832715722604,1.0179639422010647,20.824602429857357,0.18197724490736333,ok,servo_activity,0.20201773643493653,8.374113845825196,8.17209610939026,81721,0.8968195646547351,1.1448213109123966,1.289019869929697,0.925897885042441,7.3287850676316975,9.355480138223934,0.152587890625,0.6943478785004121,0.7254913973921256,0.6103515625,0.0762939453125,16384,-0.04631302016589833,1.1767537936559562,1.3616237421711392,1.360835889961479,-0.37842646818678327,9.616501513224886,0.457763671875,2.1279469279076624,0.49162468602895393,0.6103515625,0.0762939453125,16384,-1.02344899767108,1.0753878626597149,1.300941006962645,0.8031187040301345,-8.363622619096473,8.788052103096263,0.3814697265625,0.5011045190455311,0.6320770874558599,0.6103515625,0.0762939453125,16384,2.1712957867640794,2.1712957867640794,2.28211282453666,0.702505195920464,17.743849393016013,17.743849393016013,0.5340576171875,0.3592126353139481,0.7832481478426377,0.6103515625,0.0762939453125,16384,0.48828125,0.5,parameter_table,pdf,,table row N = filename run N,ok,servo1,0.5,4.08604805469513,200.0,0.3190985109968116,0.2220089859484569,0.10725458844179608,0.982387662124038,141.82524925767174,-0.7879180514315097,69.482421875,30.517578125,2.4125479460206645,1.0155538952664098,0.030845557543664984,0.9865444059621113,-1.7198105335602054,0.009554502964223364,8.447265625,91.552734375,0.4068402817148795,0.2238486768221597,0.05634100739159381,0.9594519799531411,-96.15363436623147,0.5341868575901748,23.7060546875,76.2939453125,0.11532937735949066,0.0601827847656125,0.05854264586145018,0.6880884715791875,69.43603958877686,-0.3857557754932048,6.8115234375,93.1884765625,0.23987761617148157,0.08981332751481894
control_vansh_yawPower_3_control.bag,control,yawPower,3,10000.0,156.80813518767758,0.9488706740633122,20.838362861316188,0.17570594377875834,ok,servo_activity,0.20677895545959474,5.36907320022583,5.162294244766235,51623,0.7649597486262363,0.850864004231295,0.9905578290433621,0.62931819905417,3.9488373500752374,4.392300888785232,0.5340576171875,0.3592460032658795,0.8036225467399588,0.6103515625,0.0762939453125,16384,0.2835270080549955,1.2341942608857182,1.6197439609627036,1.594736007864164,1.4636333530328463,6.371215057253632,0.152587890625,2.0538663271651454,0.4714297535428057,0.6103515625,0.0762939453125,16384,-1.6639210007820682,1.701034709341073,2.199381879055807,1.438279372401431,-8.589370540571151,8.780962638265303,0.3814697265625,2.4071002480886685,0.4737508671845908,0.6103515625,0.0762939453125,16384,2.594085418412937,2.594085418412937,2.905521633317037,1.3087309897953343,13.391106490043942,13.391106490043942,0.457763671875,1.7844386733992366,0.5094658382947472,0.6103515625,0.0762939453125,16384,0.15313294451921639,0.5,parameter_table,pdf,,table row N = filename run N,ok,servo1,0.5,2.5811471223831175,156.80813518767758,0.09414110640512943,0.045407116134760665,0.07874826467976338,0.8418717131001503,145.88434603919168,-0.8104685891066205,6.8115234375,93.1884765625,2.073905917707966,1.0797047013391,0.3147172062096074,0.8214975972411814,8.668716391496897,-0.048159535508316094,69.482421875,30.517578125,2.322179391470746,1.4980184798650402,0.10559216736587358,0.784189022291555,-100.77181851892888,0.5598434362162716,23.7060546875,76.2939453125,2.02268327626145,0.9857982792702016,0.10041695130311255,0.8770234081327716,57.48748382368654,-0.31937491013159186,8.447265625,91.552734375,0.24946059532316417,0.2680217574532952
control_vansh_yawPower_4_control.bag,control,yawPower,4,10000.0,165.9007989874219,0.9715227366499527,20.823982086914214,0.1732902973381778,ok,servo_activity,0.20414371490478517,8.467773962020875,8.26363024711609,82636,0.4950443653479831,1.1536960115172143,1.390846931610266,1.2997639260676936,4.090766741470951,9.53360048475501,0.9918212890625,1.8326150942433754,0.6110991186839009,0.6103515625,0.0762939453125,16384,-0.6159924681753738,2.391057778446254,2.891737034315286,2.8253665876805756,-5.090315893708048,19.75865384294805,0.5340576171875,10.305441716935082,0.45014960370278806,0.6103515625,0.0762939453125,16384,-2.187095525516651,2.21154468980222,2.688179329849125,1.5629847317530452,-18.073040006617845,18.27507812060807,0.5340576171875,2.1362533367798835,0.5563612431546024,0.6103515625,0.0762939453125,16384,3.8709359176469356,3.8709359176469356,4.186037072486143,1.5933491436904925,31.98758687284401,31.98758687284401,0.6103515625,2.3577589738154088,0.5451624525692395,0.6103515625,0.0762939453125,16384,0.1620124990111542,0.5,parameter_table,pdf,,table row N = filename run N,ok,servo1,0.5,4.131815123558045,165.9007989874219,0.907234149991488,0.9901390195753488,0.7475583864141417,0.9372318593212924,44.15251618790935,-0.24529175659949637,98.3642578125,1.6357421875,11.598261343136985,5.813875223982045,0.6193521996299615,0.9989688495319176,12.812158464668881,-0.07117865813704934,6.8115234375,93.1884765625,1.7362074854401919,1.2525930785076798,0.6171376823905408,0.896632712342584,-91.97165569755734,0.5109536427642074,6.8115234375,93.1884765625,2.0388293834220628,1.7208960315011854,0.6399178659518285,0.73437312813462,142.80300271459137,-0.7933500150810632,22.0703125,77.9296875,0.27959631216537256,0.5025590533996604
fiberglassSIN.bag,fiberglass,SIN,1,10000.0,578.365140650855,0.9496834393929754,20.82444734065661,0.10590366202374026,ok,servo_activity,0.3755483150482178,18.934765148162843,18.559216833114625,185592,0.18215057472483312,0.32232956738203933,0.4729580793354023,0.43647510001836953,3.380572236541342,5.982170898746011,1.4495849609375,0.21213720866395902,0.7453463349815053,0.30517578125,0.0762939453125,32768,0.9095946062701392,1.2430330483094993,1.7572442468904932,1.5035108897091525,16.88115272164731,23.0695034551442,0.5340576171875,2.0954496468512955,0.4381156316824482,0.30517578125,0.0762939453125,32768,-0.7684265300010308,0.8517309196326194,1.3077597206311549,1.0581853121716682,-14.26113963086126,15.807202458911839,0.457763671875,1.362764987053784,0.4621080401892626,0.30517578125,0.0762939453125,32768,1.7122585910799282,1.7122585910799282,2.240944482789265,1.4456841606023858,31.777835820216715,31.777835820216715,0.5340576171875,2.460092828713676,0.42905601819058403,0.30517578125,0.0762939453125,32768,0.48828125,0.5,parameter_table,pdf,,table row N = filename run N,ok,servo2,0.5,9.279608416557313,200.0,0.05919437847717667,0.08326529128333396,0.10089105194118145,0.8182349405794785,-111.48809350124918,0.6193782972291622,189.9169921875,0.0,3.667698940642815,0.8306658530295529,0.15169188017331636,0.9879878562883627,-55.706923562473975,0.30948290868041095,6.8115234375,93.1884765625,1.9559243814359915,0.7040603244774218,0.13273584824612245,0.9928764981478354,143.965627687155,-0.7998090427064167,8.447265625,91.552734375,4.324481921083932,0.8894897496750805,0.035233158658442815,0.9975325630155175,-54.5170800229121,0.3028726667939561,6.8115234375,93.1884765625,0.13163352053112382,0.5021622339778034
fiberglassSIN2.bag,fiberglass,SIN,2,10000.0,434.28287430109754,1.0128308268453303,20.824292253765876,0.10531557794144897,ok,servo_activity,0.3992473602294922,12.65969090461731,12.260443544387819,122604,0.25748087836833433,0.4312657286011365,0.5601493750633757,0.4974644908519214,3.1568008992939918,5.287455934462406,1.52587890625,0.21831702451809076,0.8358075646447748,0.30517578125,0.0762939453125,32768,1.3812835284372231,1.7095426402021234,2.267414178096056,1.7981164781790495,16.934940531765093,20.959522332729385,0.762939453125,3.4838345009769673,0.45488072247741473,0.30517578125,0.0762939453125,32768,-1.4467424369138877,1.5557933476529446,2.204157179056129,1.6629026403301963,-17.7373814018057,19.074389187830846,0.762939453125,3.4988637559342113,0.4318798824198132,0.30517578125,0.0762939453125,32768,2.5578465797969683,2.5578465797969683,3.211423866044402,1.9418197963818704,31.35991536566521,31.35991536566521,0.762939453125,4.8978001552283885,0.43913686306074806,0.30517578125,0.0762939453125,32768,0.78125,0.75,parameter_table,pdf,,table row N = filename run N,ok,servo2,0.75,9.195332658290864,200.0,0.04664522205199304,0.057062703413609146,0.014795918724108108,0.7293201016890519,73.05806938598936,-0.2705854421703309,103.45052083333333,0.0,6.372258283580238,0.5927059297998208,0.31011092059142364,0.9975612341318716,-60.813942603354924,0.2252368244568701,1.7252604166666667,98.27473958333333,6.6824642846298845,0.7035698005865858,0.007601329594374798,0.9976539446241379,141.60546183101482,-0.524464673448203,1.7252604166666667,98.27473958333333,9.248236330305131,0.8585407338667557,0.1248718979093662,0.9988866476715923,-51.608539899206555,0.19114274036743167,1.7252604166666667,98.27473958333333,0.19225272093371762,0.6113756679091192
fiberglassNESTEDSIN.bag,fiberglass,NESTEDSIN,1,10000.0,624.5241215008934,0.9614786421494791,20.82822183378357,0.10569102602057637,ok,servo_activity,0.20091791152954103,21.882452297210694,21.681534385681154,216815,0.11547607566276011,0.3933433844895218,0.5976852583350789,0.5864238603438631,2.5037988589838855,8.528170266307814,0.6103515625,0.35732339222003806,0.6774613328968218,0.152587890625,0.0762939453125,65536,1.214748271147576,1.4077958553437597,1.719790260773054,1.2174009934256764,26.337635345495332,30.523055133026567,0.6103515625,1.5097884517726334,0.3808423874300095,0.152587890625,0.0762939453125,65536,-0.5421780118006926,0.7474452775858799,1.0165071668238541,0.8598429064219271,-11.75522626948726,16.205723318646235,0.6103515625,0.7273064449515929,0.40588959471031566,0.152587890625,0.0762939453125,65536,1.8357036168163143,1.8357036168163143,2.085232128393666,0.9891335908221295,39.80067654338066,39.80067654338066,0.6103515625,0.9515296880630169,0.4588735427288377,0.152587890625,0.0762939453125,65536,0.68359375,0.6366197723675814,parameter_table,pdf,,table row N = filename run N,ok,servo2,0.6366197723675814,13.802893485192225,200.0,0.3705661683860424,0.3666549115910736,0.06255017015931726,0.9347372230164062,37.45872176020928,-0.16344450707602445,4.126200757147429,95.87379924285257,5.090313573710103,0.28142895317755345,0.6495972573130804,0.9943901650280135,-33.27823002380526,0.14520367078785817,4.126200757147429,95.87379924285257,2.273937437447703,0.46183731026542113,0.023205602697440667,0.9840490854985189,-166.30247273935146,0.7256314258774491,4.126200757147429,95.87379924285257,2.80706036027939,0.07399959096529415,0.5198001809649356,0.9869267625657839,-25.93711815622406,0.1131720275762277,4.126200757147429,95.87379924285257,0.14834545982991507,0.5813064652256814
fiberglassNESTEDSIN2.bag,fiberglass,NESTEDSIN,2,10000.0,138.2251515950435,0.9529028286944454,20.823982086914214,0.10577231908215166,ok,servo_activity,0.2,19.338328409194947,19.138328409194948,191384,0.00623414444903373,0.6924147786405281,0.9372434657580564,0.9372227320915564,0.11931353796175981,13.251699952648558,0.91552734375,1.1218412139868201,0.6405550434031889,0.30517578125,0.0762939453125,32768,1.4557885519648646,1.7844615207277719,2.29228061745282,1.7706581039596336,27.861291815003433,34.151504939305546,0.91552734375,4.108475646721439,0.5022242286375932,0.30517578125,0.0762939453125,32768,-0.5694362077615507,0.7778642752710785,0.9226798218910932,0.7260030709405598,-10.89804606722144,14.887010462089687,0.91552734375,0.6092934736863698,0.5192937794755429,0.30517578125,0.0762939453125,32768,2.3190739416456903,2.3190739416456903,2.642785234744026,1.2673633457540716,44.38312108523202,44.38312108523202,0.91552734375,1.9895235774040938,0.5498313796614154,0.30517578125,0.0762939453125,32768,0.9448984972317428,0.954929658551372,parameter_table,pdf,"Conflict: table center1=2500, direction=+1; pasted controller uses 2550, -1.",table row N = filename run N,ok,servo2,0.954929658551372,18.275757413036555,138.2251515950435,1.1988585509632819,0.41923456814153076,0.05820028243054483,0.9733567279585376,12.522245276022277,-0.036425734968149145,4.126200757147424,95.87379924285257,5.956092035997139,1.9887223885993357,0.4710490198679152,0.9984019887931095,-51.06740961103168,0.1485490730295166,4.126200757147424,95.87379924285257,1.0511534837778638,0.016344246770019062,0.02750370070827401,0.9908521179253906,134.02263003929156,-0.3898560277279825,4.126200757147424,95.87379924285257,2.915344552020154,0.37156453109435794,0.2588364170171,0.9965285794378289,-67.27634764959801,0.19569896253363894,4.126200757147424,95.87379924285257,0.26383779933188356,0.7168340061791951
fiberglassSLOWFAST.bag,fiberglass,SLOWFAST,1,10000.0,626.2024484920872,0.9914144303856061,20.830290629531774,0.10660172527670679,ok,servo_activity,0.27115554809570314,15.452063846588135,15.180908298492433,151809,0.2874961593803623,0.45143606993581215,0.6302773683334089,0.560888152286023,4.364400542557217,6.853155930708445,1.2969970703125,0.34379864312901887,0.7100963358157311,0.30517578125,0.0762939453125,32768,1.2194963860486223,1.397981212819479,1.691804150801818,1.1726166675792264,18.513009149818373,21.222565083312173,0.6103515625,1.5194614906392623,0.4760317326162236,0.30517578125,0.0762939453125,32768,-0.4778049814164801,0.7271864157612778,0.9346332188218877,0.8032693529937264,-7.253492742610474,11.03929864978717,0.6866455078125,0.6646343353056644,0.5595174967065875,0.30517578125,0.0762939453125,32768,1.8298278266466952,1.8298278266466952,2.0329756760544164,0.8858443566780471,27.778347300269488,27.778347300269488,0.6866455078125,0.805094689779822,0.5446224373442385,0.30517578125,0.0762939453125,32768,0.68359375,0.65,parameter_table,pdf,Conflict: table direction=+1; pasted controllers use -1. Formula image also uses -1.,table row N = filename run N,ok,servo2,0.65,9.867590394020082,200.0,0.05635468477573306,0.28164120642466106,0.11825647630651397,0.8025523747895329,74.67414289619803,-0.3191202687871711,99.5380108173077,0.4619891826923066,2.8956972116250723,0.05183722034397628,0.16869047447558924,0.998021052283123,-40.811074750690835,0.17440630235337964,6.0997596153846185,93.90024038461539,0.9559461954616026,0.18139645408043248,0.010539353965021675,0.9976985751428846,-169.26449492251427,0.7233525424039071,5.637770432692304,94.3622295673077,1.3581528445679159,0.09116699668792407,0.014982273531110693,0.9935799232839959,-36.146792412982364,0.15447347185035198,5.637770432692304,94.3622295673077,0.6848268031107891,0.5831681037209427
fiberglassSLOWFAST2.bag,fiberglass,SLOWFAST,2,10000.0,612.843950905903,0.978413598797002,20.82181117763282,0.10569826195418144,ok,servo_activity,0.2540032386779785,18.940843868255616,18.686840629577638,186868,0.4579626006354184,0.7686378363146874,1.003767647206255,0.8932075604232341,8.557917935877258,14.363278047917635,1.678466796875,0.8614548982823652,0.6985228570569788,0.30517578125,0.0762939453125,32768,1.649935923873289,1.8305135215559574,2.3427184124856226,1.6631419083504426,30.832105998076756,34.206254973394834,0.8392333984375,3.2385384579059475,0.46850946817460104,0.30517578125,0.0762939453125,32768,-0.5363372865219688,0.7226163925058254,0.9518512266431326,0.786360650559454,-10.022177645827085,13.50313804352622,0.8392333984375,0.6242935379960076,0.5941642994747584,0.30517578125,0.0762939453125,32768,2.385294872962766,2.385294872962766,2.7206432708900246,1.3085366546095352,44.57319591062485,44.57319591062485,0.8392333984375,1.943245289238776,0.48465462630570066,0.30517578125,0.0762939453125,32768,0.87890625,0.85,parameter_table,pdf,Conflict: table direction=+1; pasted controllers use -1. Formula image also uses -1.,table row N = filename run N,ok,servo2,0.85,15.883814535140992,200.0,0.49193869523912387,0.5541595297421672,0.04214588434352006,0.9313600642147685,56.364500208244756,-0.1841977130988391,97.46668198529412,2.533318014705884,6.067605333396142,0.13640981019490014,0.2176543150650465,0.9983383688288674,-64.46771084937635,0.21067879362541292,1.2666590073529387,98.73334099264706,0.9405536168209307,0.07091000078083595,0.040484954400591903,0.9783207620503874,158.60223529189778,-0.5183079584702542,1.2666590073529387,98.73334099264706,3.5182820567249236,0.11974023995995813,0.06732375833698133,0.9848438859947741,-60.685047298375515,0.19831714803390693,1.2666590073529387,98.73334099264706,0.7358487414340179,0.6606738755009609
fiberglassSINFOURIER.bag,fiberglass,SINFOURIER,1,10000.0,134.8390664180544,0.9491064450598224,20.826463680465558,0.10486623600869795,ok,servo_activity,0.4553391456604004,15.916488218307496,15.461149072647096,154611,-0.1110346255752057,0.7262132822522053,0.9886239448842995,0.9823688799641245,-1.7167611177136712,11.228012509996715,1.068115234375,1.2775770167115053,0.57651496351002,0.30517578125,0.0762939453125,32768,0.496356995593931,1.1279373144789802,1.5267781814259513,1.44384256351006,7.674272892064901,17.43908063085869,0.457763671875,2.035272118969906,0.450767765158351,0.30517578125,0.0762939453125,32768,-0.5161514654911151,0.8637297373341735,1.2058825209937136,1.089834996276743,-7.980300395920359,13.354176560407229,0.3814697265625,1.3495733612884104,0.43204732406146606,0.30517578125,0.0762939453125,32768,1.764321898181119,1.764321898181119,2.1823339740092678,1.2844258692947816,27.27826630341138,27.27826630341138,0.457763671875,1.8314360353035113,0.4839926578801095,0.30517578125,0.0762939453125,32768,0.39503632739664374,0.4,parameter_table,pdf,Conflict: table center2=2000; formula image and controller use 2500. Series scale 1300 comes from controller.,table row N = filename run N,ok,servo2,0.4,6.184459629058839,134.8390664180544,0.7014082921829677,0.9056558428605724,0.8936217406163137,0.9895771043111183,-168.463705635021,1.1698868446876458,167.02880859375,0.0,3.410380165269916,1.2097026796688914,0.22705574150365343,0.9992557908451325,55.00790297548388,-0.3819993262186381,14.440917968749995,85.55908203125,2.457205232614272,0.8869504317086968,0.03453365067214592,0.9987087922772802,-119.35482801780954,0.8288529723458996,4.632568359375005,95.367431640625,2.351684425059569,1.7662838628385578,0.17187122081462408,0.9934150132458796,66.14378916153892,-0.45933186917735364,14.440917968749995,85.55908203125,0.10157106655403104,0.9742633540582384
fiberglassSINFOURIER2.bag,fiberglass,SINFOURIER,2,10000.0,839.4484138897228,1.096444641320733,20.833601557688105,0.2584413689376287,ok,servo_activity,0.2081453323364258,13.188431787490845,12.98028645515442,129803,-0.11558803315278175,0.7407967004578178,0.9653020638814185,0.958356656535341,-1.5004660357586932,9.615664721926972,0.6103515625,1.0899732360020369,0.6238056842204571,0.30517578125,0.0762939453125,32768,1.12292298182923,1.4440342036358873,1.9258763353612347,1.564622521883208,14.575732076573065,18.743756094562556,0.6103515625,2.9441107610384827,0.45397158527550246,0.30517578125,0.0762939453125,32768,-1.0847089537548296,1.3158129182126004,1.8230733113892366,1.4652654313617788,-14.07965127002916,17.079450059880365,0.6866455078125,2.561560063916889,0.4442442972181101,0.30517578125,0.0762939453125,32768,2.245895993425291,2.245895993425291,2.822127571946006,1.7089046840166615,29.152063748071143,29.152063748071143,0.6866455078125,3.560376087721315,0.4840302623063526,0.30517578125,0.0762939453125,32768,0.68359375,0.65,parameter_table,pdf,Conflict: table center2=2000; formula image and controller use 2500. Series scale 1300 comes from controller.,table row N = filename run N,ok,servo2,0.65,8.437186195850373,200.0,1.061525683464736,0.5710034216148685,0.2944760027674345,0.9842171962368438,144.9481009830296,-0.6194363289873059,6.0997596153846185,93.90024038461539,5.529556117051697,0.3887982366683581,0.0625511821633655,0.9977206605064335,44.756628857623134,-0.19126764469069715,6.0997596153846185,93.90024038461539,4.669770257539584,0.5256845895291355,0.012449329046132008,0.9981109086639256,-135.25361431281578,0.5780068987727169,5.637770432692304,94.3622295673077,5.703751729583773,1.3560750533112582,0.018041327406086754,0.9947508832820332,41.50212985072224,-0.17735952927659077,5.637770432692304,94.3622295673077,0.14769286367855358,1.0264452135933826
fiberglassDOUBLESIN.bag,fiberglass,DOUBLESIN,1,10000.0,542.6007761966365,0.967627767220093,20.822586450413418,0.10539545740558667,ok,servo_activity,0.5292405605316162,20.942345905303956,20.41310534477234,204131,-0.31199262485012696,0.9839749568590902,1.1244865965511988,1.0803382377118873,-6.368664507303176,20.085890419725068,0.762939453125,1.4779747270651657,0.28520220969936755,0.152587890625,0.0762939453125,65536,0.03280717909565107,1.1391449311065036,1.5263119872976811,1.5259593610474633,0.6696771524183348,23.253373716101933,0.3814697265625,2.905367556982228,0.3237930000598723,0.152587890625,0.0762939453125,65536,-0.6724736343444884,0.684078846513916,0.8834152853983568,0.5728889749218217,-13.727237247753317,13.964135604289062,0.762939453125,0.3643385220427584,0.4190207713554098,0.152587890625,0.0762939453125,65536,1.8270439189299525,1.8270439189299525,2.0915355495107786,1.0180527850600074,37.29547213059831,37.29547213059831,0.762939453125,1.2686279510865381,0.32265299572903533,0.152587890625,0.0762939453125,65536,0.390625,0.4,parameter_table,pdf,,table row N = filename run N,ok,servo2,0.4,8.165242137908937,200.0,0.04484799493536649,5.726640837805623,0.002368229156740274,0.8498365141969406,146.0327933106747,-1.0141166202130187,90.73486328125,9.26513671875,10.689924367070326,0.1000416497680181,1.4595302871707794,0.9990504770935205,71.34052056097576,-0.4954202816734428,4.632568359375005,95.367431640625,0.3462904576157877,1.009779790620223,0.03900729100794783,0.9758736850601779,-120.98756850159079,0.8401914479277138,90.73486328125,9.26513671875,0.2355744866535449,4.679428579783228,0.0035950333618727346,0.85463345774791,54.48656160946483,-0.378378900065728,90.73486328125,9.26513671875,0.10388128502456069,0.12860534444267796
fiberglassDOUBLESIN2.bag,fiberglass,DOUBLESIN,2,10000.0,839.7005005005005,1.0762663017248808,20.830290629531774,0.245246854647743,ok,servo_activity,0.24822659492492677,13.127584505081177,12.879357910156251,128793,-0.5561239534131566,1.0678896695782145,1.2334248946797663,1.1009373820776158,-7.162453013791993,13.75356370764571,1.2969970703125,1.4412957570629348,0.502576516043409,0.30517578125,0.0762939453125,32768,0.009730398344575864,1.8495435738593133,2.2925244373568243,2.2925037873962784,0.12542432435973794,23.820587782276363,0.6103515625,6.893360164843177,0.41742163141415206,0.30517578125,0.0762939453125,32768,-1.2342120483783436,1.2515888650641342,1.491549149483928,0.8375198415344925,-15.895716380775314,16.119517615916614,1.2969970703125,0.841992788630372,0.5321521336784062,0.30517578125,0.0762939453125,32768,2.673994099032276,2.673994099032276,3.0002873415758438,1.3606908871455015,34.43889721265824,34.43889721265824,1.2969970703125,2.3929921810252783,0.4941379966055236,0.30517578125,0.0762939453125,32768,0.68359375,0.67,parameter_table,pdf,0.67 Hz used literally from table; exact controller omega for this row was not provided.,table row N = filename run N,ok,servo2,0.67,8.62916979980469,200.0,0.07198685129805218,2.2569263772178023,0.014133755213481635,0.8537785857135951,129.3958190881388,-0.5364669116423666,93.58165228544775,6.4183477145522545,13.543424423371247,0.06060808664575689,0.7382606111378798,0.9989700846601282,49.2488063374634,-0.20418244750192122,8.902751865671647,91.09724813432835,0.44772336763359777,1.099179853230119,0.004581082175405026,0.9376079167769054,-139.70852093122969,0.5792227235954795,93.58165228544775,6.4183477145522545,0.20474173900208834,3.688331167329237,0.034908017975412785,0.7585899697362395,19.449360822081278,-0.08063582430381956,93.58165228544775,6.4183477145522545,0.14903219302702386,0.2860317074557931
fiberglassSINmiddle.bag,fiberglass,SINmiddle,1,10000.0,421.2840498192045,0.926953917047933,20.827084171272226,0.1065480848378647,ok,servo_activity,0.3976172924041748,16.124126958847047,15.726509666442873,157265,0.7790681155873012,1.0835970911678205,1.2760362169020465,1.0106044221756296,12.252053355088263,17.041151018946163,0.9918212890625,0.9159102724250135,0.6062513538720525,0.30517578125,0.0762939453125,32768,-0.18566988304861023,2.643487048105828,3.203772991930291,3.1983883563993105,-2.9199779250355906,41.57257620122317,0.5340576171875,13.029585923322278,0.3834307618594594,0.30517578125,0.0762939453125,32768,-1.0476901440141662,1.3466267225461113,1.7680164256316093,1.4241585036219624,-16.476493531911974,21.177620837546822,0.9918212890625,2.522522178737173,0.4389913812871331,0.30517578125,0.0762939453125,32768,3.3982845038245344,3.3982845038245344,3.8753466802301473,1.8627867089489514,53.44287169200537,53.44287169200537,0.9918212890625,4.543545146070472,0.4018481376975901,0.30517578125,0.0762939453125,32768,0.48828125,0.5,parameter_table,pdf,,table row N = filename run N,ok,servo1,0.5,7.863254833221436,200.0,0.11795676018797624,1.18745407266237,0.04024204404042039,0.4531548176826818,116.94998066224161,-0.6497221147902311,98.3642578125,1.6357421875,26.85350225662983,0.5150236747357364,1.3494988744087537,0.9998942213796372,-142.5291678567408,0.7918287103152267,6.8115234375,93.1884765625,0.3157740952449942,4.716371035106684,0.07254951213354975,0.8765809586317552,-90.00773067433728,0.5000429481907627,98.3642578125,1.6357421875,0.5684770597912077,9.008897747632519,0.09008415575398215,0.8890540329833135,52.210589286576806,-0.29005882936987115,98.3642578125,1.6357421875,0.17752083759085718,0.5004139792254825
fiberglassFOURIER.bag,fiberglass,FOURIER,1,10000.0,637.3353593678772,1.0358183797075697,20.823775314146133,0.1050749954257001,ok,servo_activity,0.4554335594177246,22.509827661514283,22.05439410209656,220544,0.26627435803486343,0.5666657508306229,0.7837535521017894,0.7371347208518221,5.872504388404216,12.497456321679014,0.3814697265625,0.5832982646580649,0.6216822369882892,0.152587890625,0.0762939453125,65536,0.8834321329111829,1.1235987141427775,1.6352331287895956,1.3760577938556975,19.483409119189364,24.780125054613887,0.3814697265625,2.291199652306119,0.50764192576794,0.152587890625,0.0762939453125,65536,-0.7053108651000021,1.2613925327144406,2.1674170902050807,2.0494471026315715,-15.555157164628872,27.819181143005785,0.3814697265625,5.239877950549853,0.519475469075034,0.152587890625,0.0762939453125,65536,2.0925820500070844,2.0925820500070844,2.8259430034656114,1.8992246372729025,46.15044967273387,46.15044967273387,0.3814697265625,4.311692221369625,0.46170678312729446,0.152587890625,0.0762939453125,65536,0.390625,0.35,parameter_table,pdf,,table row N = filename run N,ok,servo1,0.35,7.7190379357337955,200.0,0.7309060836454143,0.646926838501431,0.11971165382560651,0.985624256421552,-108.8641701915218,0.8640013507263634,8.991350446428578,91.00864955357142,4.743336089726802,1.486852572456937,1.5843318814961174,0.9937911810386567,4.298784385250212,-0.0341173363908747,8.991350446428578,91.00864955357142,7.247721163421623,6.928051830546403,2.969443669230111,0.9954911516265139,-137.5666939377398,1.0917991582360305,8.991350446428578,91.00864955357142,8.850551177030392,5.994514636190527,1.2245349930273273,0.9940404369039052,34.553066939225204,-0.2742306899938508,8.991350446428578,91.00864955357142,0.9152607400581735,0.43223444214154705
fiberglassFOURIER2.bag,fiberglass,FOURIER,2,10000.0,1481.5626986930413,1.4350584407788194,31.468451300211576,0.3287506533604542,ok,servo_activity,0.20719714164733888,20.06830315589905,19.86110601425171,198612,0.11771120001254068,0.7145303308257931,1.11157497868906,1.1053248421342894,2.3380067894682997,14.191285683297078,0.6866455078125,1.3263615053609266,0.6867219094795624,0.152587890625,0.0762939453125,65536,1.4086671914054876,1.9497301199982044,2.8056204537170886,2.426347640832504,27.978156556023933,38.72364412522707,0.6103515625,6.523867163215657,0.5392047241761327,0.152587890625,0.0762939453125,65536,-1.761347893964171,2.1167169438579885,2.956993159314401,2.375176233600391,-34.98231217145778,42.040367945208864,0.6866455078125,7.1838109159901595,0.39028470008196436,0.152587890625,0.0762939453125,65536,3.481018974771436,3.481018974771436,4.225034154630638,2.3944562023717717,69.13677612294607,69.13677612294607,0.6103515625,7.555547330466129,0.33420262426616903,0.152587890625,0.0762939453125,65536,0.68359375,0.65,parameter_table,pdf,,table row N = filename run N,ok,servo1,0.65,12.909718909263612,200.0,0.9207247365807648,0.04026900323267504,0.3976529898663052,0.9660638154187119,58.81151846413425,-0.2513312754877532,5.637770432692304,94.3622295673077,12.524196598863968,4.6798979772509535,2.751936381076161,0.9927557106649032,-33.6560389586356,0.14382922631895556,6.0997596153846185,93.90024038461539,22.933388601259505,4.0897753623289645,0.8211432665192921,0.9927140023662482,-178.39533332303225,0.7623732193291975,5.637770432692304,94.3622295673077,27.054602416560407,0.09416958761692756,1.1048561595795967,0.9993330804123965,-17.574509057708354,0.07510473956285621,6.0997596153846185,93.90024038461539,0.9676073662599265,0.5870338809590502
rib_flipper_vansh_rollAmpAndFrequency_1_rib_flipper.bag,rib_flipper,rollAmpAndFrequency,1,10000.0,219.2183139079078,1.0214309435737607,20.828066690668024,0.10709227282327245,ok,servo_activity,0.2023651123046875,8.614928770065308,8.412563657760622,84125,-0.40611406269941736,0.5751582428244306,0.9087922036638884,0.8130034671008729,-3.416469925433944,4.838483344785428,0.30517578125,0.5715278016277257,0.6888920342053761,0.6103515625,0.0762939453125,16384,0.1876471409470441,2.847445742105699,3.336380120185217,3.331099046390174,1.5785244823742839,23.953876971198966,0.5340576171875,13.952963192287402,0.44308963056476086,0.6103515625,0.0762939453125,16384,-0.6746701039119302,1.1168256285791276,1.4020246634717304,1.2290213211618763,-5.675537720224678,9.39516081398483,0.9918212890625,1.7755829697281078,0.5049698053361973,0.6103515625,0.0762939453125,16384,3.279547208018698,3.279547208018698,3.7313548119671505,1.7797693230211542,27.58887977356337,27.58887977356337,0.9918212890625,3.7130609646057753,0.5218620025328322,0.6103515625,0.0762939453125,16384,0.48828125,0.5,parameter_table,pdf,,table row N = filename run N,ok,servo1,0.5,4.206281828880311,200.0,0.3323613789342994,0.15224057583299702,0.06976009154082065,0.9903069134089769,75.764631800039,-0.42091462111132777,38.96484375,61.03515625,17.448625253679115,8.639095620013332,0.2626793033290015,0.9930859066647124,53.518287790405715,-0.2973238210578095,6.8115234375,93.1884765625,0.9240170412189923,1.818342748310096,0.6284163131219144,0.785239089277532,-105.28098351361416,0.584894352853412,98.3642578125,1.6357421875,1.8448528060453913,3.6285865051693835,1.4911943354148551,0.43834523528152536,-33.55161335331302,0.1863978519628501,98.3642578125,1.6357421875,0.1869415471374049,0.1690418188930965
rib_flipper_vansh_rollAmpAndFrequency_2_rib_flipper.bag,rib_flipper,rollAmpAndFrequency,2,10000.0,158.32939488883017,0.9362421327385747,20.82822183378357,0.11406671788389586,ok,servo_activity,0.21095032691955568,8.420054006576539,8.209103679656984,82091,-0.39621417253219415,0.6893925811310947,1.0863276011938487,1.0114949266309794,-3.2525533096356694,5.659284183664903,0.91552734375,1.5196275625459603,0.7270397549365536,0.6103515625,0.0762939453125,16384,0.4489967996568073,3.7609612543619297,4.200817894944268,4.17675386638738,3.685363922982665,30.87361132810249,0.762939453125,20.77917695974632,0.48070837997942834,0.6103515625,0.0762939453125,16384,-0.803818953324681,1.0637938647764416,1.40332854837914,1.1503069611942363,-6.598557320992949,8.73269615469625,1.220703125,1.556329559766827,0.5642992258170979,0.6103515625,0.0762939453125,16384,4.137742651200969,4.137742651200969,4.560297101976523,1.9171320796251468,33.96663400715619,33.96663400715619,1.52587890625,4.618347045412234,0.5829994569919879,0.6103515625,0.0762939453125,16384,0.6957834736325544,0.75,parameter_table,pdf,,table row N = filename run N,ok,servo1,0.75,6.156827759742738,158.32939488883017,0.655521415229306,0.4011665059970222,0.19602709459968284,0.9975531778716367,63.13623322716754,-0.23383790084136125,22.0703125,77.9296875,23.174946002424914,1.8456425503203895,0.6232238934608372,0.9997891087915397,31.81971455826282,-0.11785079466023267,1.7252604166666667,98.27473958333333,0.8247457700139887,0.980436936707327,0.13599296944884473,0.9909580301648022,-144.24947524749405,0.5342573157314594,62.760416666666664,37.239583333333336,1.120295002001814,3.8609981480932407,0.5251001339462648,0.9869623441926458,-28.649915035309647,0.10611079642707276,103.45052083333333,0.0,0.3181253012432479,0.20468071431873816
rib_flipper_vansh_rollAmpAndFrequency_3_rib_flipper.bag,rib_flipper,rollAmpAndFrequency,3,10000.0,162.87294190742466,0.9472533181880631,20.81896900461866,0.10613622933940037,ok,servo_activity,0.36913151741027833,8.747720766067506,8.378589248657228,83786,-0.26204830161994436,0.6776344912269654,1.045930558270908,1.012571686520513,-2.1956106166634335,5.677615631483684,1.068115234375,1.3930377899240545,0.7708394176698173,0.6103515625,0.0762939453125,16384,0.7875961697832573,3.8069712227456383,4.276626891321319,4.203478302657858,6.598620515559842,31.89673442903278,0.9918212890625,24.681469024443096,0.5409746730081149,0.6103515625,0.0762939453125,16384,-0.8159123404007582,1.110818671833984,1.4836467423024504,1.2391508014468744,-6.836070457404844,9.30697264595127,0.9918212890625,1.6108089186058807,0.5879690190682602,0.6103515625,0.0762939453125,16384,4.192433850353327,4.192433850353327,4.645935423167462,2.0020525384349437,35.126308236026674,35.126308236026674,1.983642578125,4.807738725724823,0.6555496459672295,0.6103515625,0.0762939453125,16384,1.0338614476545511,1,parameter_table,pdf,,table row N = filename run N,ok,servo1,1,8.378589248657228,162.87294190742466,0.3884132371371839,0.2687637762986485,0.2603732893915596,0.99253036935777,41.121363082139204,-0.1142260085614978,6.8115234375,93.1884765625,23.13077372779039,0.8101428166498562,1.145365717763939,0.9995307062918177,19.027992596834096,-0.05285553499120582,0.81787109375,99.18212890625,1.3520882290411225,0.3606236649730328,0.00825776381831684,0.9969931884203115,-159.30726980387715,0.4425201938996588,0.81787109375,99.18212890625,1.4739470829688928,2.8236419163286954,0.2906668293901942,0.9976348982557726,-22.61650659325144,0.06282362942569845,98.3642578125,1.6357421875,0.401042149054382,0.23982880609968485
rib_flipper_vansh_rollAmpAndFrequency_4_rib_flipper.bag,rib_flipper,rollAmpAndFrequency,4,10000.0,392.98266654174085,1.06585151290633,20.823671929301955,0.10828476600642527,ok,servo_activity,0.20281882286071778,8.62333016395569,8.420511341094972,84205,-0.2207508107403481,0.7685342188073255,1.1090450319053597,1.0868532386442245,-1.8588190482406435,6.471408138090842,2.288818359375,1.6262435942292013,0.7455732621982505,0.6103515625,0.0762939453125,16384,0.7237799976675529,3.981431471870645,4.444209939354006,4.384876794167574,6.094588300248928,33.525281603588724,0.9918212890625,25.66336280004815,0.548749047383044,0.6103515625,0.0762939453125,16384,-0.908784894088053,1.1792301694609946,1.542331252620459,1.2461523619073072,-7.652213183501417,9.92946686517947,1.068115234375,1.4179198137337634,0.6635140188724553,0.6103515625,0.0762939453125,16384,4.426993132288098,4.426993132288098,4.833194446808105,1.939458782065427,37.277023797502125,37.277023797502125,2.0599365234375,4.409996459338192,0.6810993685802064,0.6103515625,0.0762939453125,16384,0.9765625,1,parameter_table,pdf,,table row N = filename run N,ok,servo1,1,8.420511341094972,200.0,0.32177571431400237,0.38736149623086896,0.38238522804651653,0.9846195266568095,42.209400079040876,-0.11724833355289133,128.8818359375,0.0,24.083180428674176,0.42707083887256575,1.6041484135287654,0.9996147772189845,14.09013283163656,-0.03913925786565711,0.81787109375,99.18212890625,1.064601118020692,0.2472264759610756,0.016138463741661523,0.9922916313692979,-158.38535058852582,0.43995930719034954,6.8115234375,93.1884765625,1.006249646510309,2.8346036993468684,0.3085059493462821,0.9947170574589548,-28.892864537838825,0.08025795704955228,105.99365234375,0.0,0.549041463329132,0.2420000175945125
rib_flipper_vansh_rollAmpAndFrequency_5_rib_flipper.bag,rib_flipper,rollAmpAndFrequency,5,10000.0,170.54869271743993,0.9530927365763981,20.82139772242134,0.11312421615091542,ok,servo_activity,0.2203063488006592,8.560390996932984,8.340084648132326,83400,-0.18412200617193286,0.6012816990860497,0.9053249430358896,0.8864041625162641,-1.535562985193566,5.014663424355829,0.9918212890625,0.9886236008917022,0.7826078264806915,0.6103515625,0.0762939453125,16384,0.7236399176066581,3.9578378640337566,4.416362003661339,4.3566728838678985,6.034733637237665,33.00794451043967,0.762939453125,24.849797855541617,0.5103957355360003,0.6103515625,0.0762939453125,16384,-1.0784613560206255,1.2740378096685299,1.771720421915773,1.40567220823475,-8.994031770651052,10.625139394074578,0.762939453125,1.6826195017498746,0.5862437517016676,0.6103515625,0.0762939453125,16384,4.410205175286949,4.410205175286949,4.843847629034169,2.003234925107924,36.780536819816504,36.780536819816504,1.4495849609375,4.617060678310402,0.6252367065058254,0.6103515625,0.0762939453125,16384,0.7494815597934372,0.75,parameter_table,pdf,,table row N = filename run N,ok,servo1,0.75,6.255063486099244,170.54869271743993,0.2868034720400917,0.20542901125702706,0.14172279786310868,0.9937784518913346,56.75564272610426,-0.21020608417075654,32.242838541666664,67.75716145833334,25.059675027063086,3.995382919816542,1.2065103651241977,0.9998783859724878,24.63565806680868,-0.09124317802521734,1.7252604166666667,98.27473958333333,1.3186845803375025,0.7971636965183814,0.10874923496517151,0.992728927027753,-140.82047301596305,0.5215573074665297,1.7252604166666667,98.27473958333333,1.2831287041021937,3.278931085315456,0.5816314156793809,0.9855491210699008,-19.611960410959718,0.07263689041096193,93.27799479166667,6.722005208333329,0.4419822085279252,0.20648982300795637
rib_flipper_vansh_rollAmpAndFrequency_6_rib_flipper.bag,rib_flipper,rollAmpAndFrequency,6,10000.0,292.22490071762,1.0292679440107402,20.82170781229057,0.1063617286922057,ok,servo_activity,0.3091411113739014,8.749068307876588,8.439927196502687,84399,-0.30686708447279915,0.5550138096885194,0.8482165809018,0.7907616332270451,-2.5898947037946733,4.684228249942832,0.6866455078125,0.594290405608739,0.7058722684224866,0.6103515625,0.0762939453125,16384,0.1818277270933986,3.2069424951702374,3.7222262645332673,3.7177825436732217,1.5345344953392857,27.065810854635725,0.5340576171875,17.427590745197936,0.4441311230419034,0.6103515625,0.0762939453125,16384,-0.7845592758086466,1.22708303236703,1.5549209309548158,1.3424775023306734,-6.62130117388596,10.35615742686306,1.068115234375,1.9627731421211487,0.5252100432584403,0.6103515625,0.0762939453125,16384,3.6531353791544734,3.6531353791544734,4.122161912639946,1.9096650846651917,30.831543383521463,30.831543383521463,0.91552734375,4.599366946630564,0.5355793209344122,0.6103515625,0.0762939453125,16384,0.48828125,0.5,parameter_table,pdf,,table row N = filename run N,ok,servo1,0.5,4.2199635982513435,200.0,0.3520406501814889,0.25160157398634053,0.1066913598711758,0.9868663704004211,74.00262188968765,-0.4111256771649313,37.3291015625,62.6708984375,21.28895944753885,9.597092419557828,0.7202616006696092,0.994525583686785,43.63810496175819,-0.24243391645421217,6.8115234375,93.1884765625,1.0398557361540148,1.8790349495557186,0.8420265385294711,0.5801300116126226,-113.00878426605006,0.6278265792558336,113.623046875,0.0,2.578928892994749,4.331144071833645,1.6249726672720886,0.5711198668811431,-21.911169607758957,0.12172872004310531,83.10546875,16.89453125,0.2581982177789625,0.1651729952047533
rib_flipper_vansh_rollAmpAndFrequency_7_rib_flipper.bag,rib_flipper,rollAmpAndFrequency,7,10000.0,146.1735554471318,0.9483512806674224,20.831532104259377,0.10702823947827472,ok,servo_activity,0.2,8.664076614379884,8.464076614379884,84641,-0.28322507238398203,0.5991310657138716,0.9074104729805641,0.8620773311298119,-2.3972970548196137,5.071053533654429,0.30517578125,0.6589790659901253,0.7267222515843731,0.6103515625,0.0762939453125,16384,0.2481828850082379,3.6003299905198163,4.115043268413233,4.107552355905163,2.1007472346798637,30.47313225355969,0.3814697265625,20.81412009297858,0.4374077015318189,0.6103515625,0.0762939453125,16384,-1.0086757339367307,1.518418141071295,1.8810099110733072,1.5876937832350446,-8.537276764965327,12.85178747319299,0.91552734375,3.2771865083202334,0.5042395867511323,0.6103515625,0.0762939453125,16384,4.164883482030554,4.164883482030554,4.614669343836446,1.9871886508464498,35.251447062298695,35.251447062298695,1.068115234375,4.4916310029064705,0.5266316929449689,0.6103515625,0.0762939453125,16384,0.5709904509653586,0.5,parameter_table,pdf,,table row N = filename run N,ok,servo1,0.5,4.232038307189942,146.1735554471318,0.3052076475616048,0.15971789557456587,0.12382496959605097,0.9965811947831938,74.13851060853816,-0.4118806144918786,38.96484375,61.03515625,24.482657095859846,10.387244003214398,0.7817341786310514,0.9986404057880717,39.19461317767859,-0.21774785098710328,23.7060546875,76.2939453125,1.8219056982837072,3.297025033149138,1.2468073696594781,0.9371790539978491,-116.56784078125523,0.6475991154514179,83.10546875,16.89453125,2.6393924506417057,4.141531580805687,1.5334266303906268,0.9696709838403587,-17.728502589424476,0.09849168105235821,113.623046875,0.0,0.36031250713453117,0.164775230978854
rib_flipper_vansh_rollAmpAndFrequency_8_rib_flipper.bag,rib_flipper,rollAmpAndFrequency,8,10000.0,286.7900170940171,1.0188416135562248,20.82791154986369,0.10998712819425324,ok,servo_activity,0.2,8.640236425399781,8.440236425399782,84403,-0.18560201224376963,0.6399769165599587,0.9483149506254529,0.9299748053742202,-1.5665160229785646,5.401575530121981,1.52587890625,1.105252410814738,0.7760349949908419,0.6103515625,0.0762939453125,16384,0.634558861074408,4.123580548974617,4.54955591974756,4.505085361981725,5.3553601797020365,34.803749932086184,0.762939453125,25.029667687599982,0.5142722805306436,0.6103515625,0.0762939453125,16384,-1.0018867819246566,1.1768522571589919,1.5266696251077183,1.1519301282765357,-8.456234346462077,9.932976765115644,1.220703125,1.5077867656546502,0.6542981966516734,0.6103515625,0.0762939453125,16384,4.512348373209977,4.512348373209977,4.891674606585801,1.8887013039402576,38.08506560474807,38.08506560474807,1.6021728515625,4.682063881503406,0.6435339490590021,0.6103515625,0.0762939453125,16384,0.78125,0.75,parameter_table,pdf,,table row N = filename run N,ok,servo1,0.75,6.330177319049836,200.0,0.28586144349928116,0.3018187513436957,0.2272422735563631,0.9954858556005362,71.68141184002755,-0.2654867105186206,103.45052083333333,0.0,25.700765281624005,1.9954436345914692,1.836005816586371,0.9997389362173631,19.937311557076423,-0.07384189465583861,1.7252604166666667,98.27473958333333,0.7585960516292333,0.7409933943533009,0.11771028162587412,0.935781747241112,-139.9839272663746,0.5184589898754615,62.760416666666664,37.239583333333336,1.3887639270264647,2.994344965099393,0.6364691775755886,0.9550247464191048,-23.279610577654303,0.08622077991723816,113.623046875,0.0,0.5582078391126198,0.2019635470410266
rib_flipper_vansh_rollAmpAndFrequency_9_rib_flipper.bag,rib_flipper,rollAmpAndFrequency,9,10000.0,275.6508937960042,1.0455726053139982,20.82480921905178,0.1122247339199494,ok,servo_activity,0.2,8.580129909515382,8.380129909515382,83802,-0.2507141637335059,0.7892875054367113,1.1317370432922988,1.1036172992769746,-2.1009082190346264,6.6142458033427545,2.899169921875,1.417743623344491,0.7640453235208867,0.6103515625,0.0762939453125,16384,0.6176511586091943,3.951900976560748,4.351430173338709,4.3073717740301065,5.175909797651515,33.11721775321273,0.9918212890625,24.333342784115178,0.5493487378953174,0.6103515625,0.0762939453125,16384,-0.863468214715567,1.1421105722013076,1.4701213049221242,1.1898232193741394,-7.235930976926249,9.571009661128253,0.9918212890625,1.531071645904319,0.6875073068899595,0.6103515625,0.0762939453125,16384,4.388890433792873,4.388890433792873,4.73043654854269,1.7648429675044421,36.77921318662871,36.77921318662871,2.0599365234375,4.131641285969241,0.6587718002683258,0.6103515625,0.0762939453125,16384,0.9765625,1,parameter_table,pdf,,table row N = filename run N,ok,servo1,1,8.380129909515382,200.0,0.24288259602681617,0.2879503761842135,0.373617593835497,0.9839234446146847,42.875672597265876,-0.11909909054796076,189.9169921875,0.0,22.600420923914935,0.3845986830156196,1.9752140507191474,0.999452880493036,11.313528278646533,-0.031426467440684815,0.81787109375,99.18212890625,1.0814417710452713,0.20847035913718712,0.03842831034439834,0.9899595768255545,-162.37803894927853,0.45105010819244035,0.81787109375,99.18212890625,0.9043675322309734,2.239702610565385,0.2724076282128532,0.9887539194050304,-22.62696556827075,0.06285268213408543,105.99365234375,0.0,0.6861480827756099,0.24929643414520208
rib_flipper_vansh_rollAmpAndFrequency_10_rib_flipper.bag,rib_flipper,rollAmpAndFrequency,10,10000.0,204.04777310208945,1.3514033853173013,20.818400663122734,0.29790048511494505,ok,servo_activity,0.2557999610900879,8.550763416290284,8.294963455200197,82950,-0.48433503880485573,0.8539893012258475,1.2937525771282563,1.1996729975338714,-4.017561553496082,7.083815732751376,0.6866455078125,1.481140465128355,0.6652760157006802,0.6103515625,0.0762939453125,16384,0.7266186598327491,4.528227669767915,5.003354130616714,4.950310887160744,6.02708709017167,37.56115967659244,0.5340576171875,31.152546018794936,0.47206631301394586,0.6103515625,0.0762939453125,16384,-1.2039848287175061,2.1220722269249084,2.5599443018436174,2.259144829522818,-9.986968605569437,17.602503573699842,0.9918212890625,6.438188465054496,0.5185308959918036,0.6103515625,0.0762939453125,16384,5.423316155900945,5.423316155900945,5.767205832613133,1.9617097106531165,44.985904698671945,44.985904698671945,1.068115234375,4.537610051711274,0.6161605948522618,0.6103515625,0.0762939453125,16384,0.48828125,0.5,parameter_table,pdf,,table row N = filename run N,ok,servo1,0.5,4.147481727600098,200.0,1.0034077237775132,0.7246996333820396,0.3635464254944925,0.8695586995465866,91.34340555605957,-0.5074633642003309,37.3291015625,62.6708984375,33.76427604806331,17.55171328362613,2.9395126650738725,0.9627087418301244,53.95904544879438,-0.2997724747155243,6.8115234375,93.1884765625,3.7075833704951844,5.843444334119245,2.37430032687704,0.6518721112642708,-78.06905349407266,0.43371696385595926,98.3642578125,1.6357421875,1.6512770145061646,2.7867435623347205,1.935784583218969,0.4870790777224475,52.26133810394361,-0.29034076724413116,113.623046875,0.0,0.6126924730983991,0.17369545266442085
rib_flipper_vansh_rollAmpAndFrequency_11_rib_flipper.bag,rib_flipper,rollAmpAndFrequency,11,10000.0,288.5658066735466,1.060962855772739,20.828325263811298,0.14038944855953472,ok,servo_activity,0.2,8.420786428451539,8.22078642845154,82208,-0.32615729490225065,0.8143002848442373,1.1946795780949282,1.1492957466636349,-2.6812718844998757,6.69416969034243,1.2969970703125,2.011338424486177,0.6822791795884103,0.6103515625,0.0762939453125,16384,0.7098640765055695,4.700031084770741,5.082273436971253,5.032454299944559,5.834981732858886,38.63734667440521,0.762939453125,33.21772027022644,0.5194949232795689,0.6103515625,0.0762939453125,16384,-1.0987480977962294,1.4341009696260851,1.8368597629234171,1.4720076107942648,-9.032481381047035,11.789350269785913,1.2969970703125,2.452144753110629,0.6080134002644617,0.6103515625,0.0762939453125,16384,5.213431430597494,5.213431430597494,5.534511394071544,1.8576730308549765,42.85789871199615,42.85789871199615,1.6021728515625,4.310252671719423,0.650589003916025,0.6103515625,0.0762939453125,16384,0.78125,0.75,parameter_table,pdf,,table row N = filename run N,ok,servo1,0.75,6.165589821338655,200.0,0.73470237073912,0.8218754794377974,0.46625479961962696,0.9844231154282861,58.22213788376738,-0.21563754771765695,72.93294270833333,27.06705729166667,33.17485668374384,3.194573079554986,1.9174238535636288,0.9990743439159788,13.239793134550817,-0.04903627086870673,1.7252604166666667,98.27473958333333,1.1466779360886399,1.5066700413316976,0.19837856677200713,0.9489820477893138,-144.1678632081776,0.5339550489191763,72.93294270833333,27.06705729166667,0.956711065759759,2.5273171218524952,1.0725960451538814,0.8672695620416742,-12.531963588423798,0.04641467995712518,113.623046875,0.0,0.7417040839178871,0.20956122478855319
rib_flipper_vansh_rollAmpAndFrequency_12_rib_flipper.bag,rib_flipper,rollAmpAndFrequency,12,10000.0,223.4340507138291,0.9829744505190888,20.814423141340733,0.10455148714722391,ok,servo_activity,0.24323482513427735,8.483877468109132,8.240642642974855,82406,-0.26593532858194363,0.8193931888903959,1.1807151774245759,1.150376777935282,-2.191444110762345,6.7522689544201775,1.9073486328125,1.8431748087272743,0.7416566107937879,0.6103515625,0.0762939453125,16384,0.7075586831400339,4.461701671586929,4.8266172427195935,4.774473239806799,5.830573953150207,36.76666196386986,0.9918212890625,30.093171279041684,0.5482635527672892,0.6103515625,0.0762939453125,16384,-0.9872319309500367,1.2436512139116318,1.589106866526164,1.2452444530104383,-8.135449358958626,10.248366284588442,1.068115234375,1.6455753171993033,0.6685328876563076,0.6103515625,0.0762939453125,16384,4.904055406742261,4.904055406742261,5.216855659413958,1.779276127744494,40.41191383162054,40.41191383162054,2.13623046875,3.9371218322619628,0.6336252163511888,0.6103515625,0.0762939453125,16384,0.9765625,1,parameter_table,pdf,,table row N = filename run N,ok,servo1,1,8.240642642974855,200.0,0.39609765004998737,0.508115052374276,0.3396749668085149,0.9795479793794372,41.14141493176879,-0.11428170814380222,90.73486328125,9.26513671875,28.506108191758273,0.35804881462450805,2.1901258259302354,0.9994604009295184,5.713522524507498,-0.015870895901409717,0.81787109375,99.18212890625,1.2151395820458362,0.28670552906460495,0.022194392236665597,0.9533700105610828,-161.5594918788506,0.4487763663301405,6.8115234375,93.1884765625,0.8057515227900636,2.6325942330210275,0.40683294917711993,0.9746451032517723,-25.64353825757974,0.07123205071549928,113.623046875,0.0,0.819421185384915,0.24499485725989617
rib_flipper_vansh_experimental_sinusoidalYaw_1_rib_flipper.bag,rib_flipper,experimental_sinusoidalYaw,1,10000.0,147.10662177328845,0.9595892844537902,20.822948264135395,0.10699024350157797,ok,servo_activity,0.20621795654296876,8.419499683380128,8.21328172683716,82132,-0.15018023612167708,2.251553105120246,2.4555234253481006,2.4509265980668835,-1.2336394107318198,18.492276867556345,0.457763671875,6.466351338192842,0.46724353928203655,0.6103515625,0.0762939453125,16384,-1.2377738492932793,2.831747047762584,3.574385452060165,3.353229377466601,-10.16616112537916,23.25762790632006,0.6866455078125,14.31004786336509,0.47452068452371055,0.6103515625,0.0762939453125,16384,-0.8148816496983852,1.2517135355266922,1.7940087801972062,1.5982601166298014,-6.692744695237657,10.280532339922706,0.91552734375,2.8409590187531952,0.5357408497568538,0.6103515625,0.0762939453125,16384,4.146255531350057,4.146255531350057,4.693004810966774,2.1983764974422244,34.053824921007745,34.053824921007745,0.6866455078125,6.248703278318933,0.5294791213873568,0.6103515625,0.0762939453125,16384,0.5028058361391695,0.5,parameter_table,pdf,Rows 5-8 repeat settings 1-4; retained as separate runs.,table row N = filename run N,ok,servo1,0.5,4.10664086341858,147.10662177328845,7.345177735059833,3.6385165311781758,0.49516720722533514,0.9987690424295366,41.54933752908151,-0.23082965293934177,8.447265625,91.552734375,14.152286783736928,9.734485945941714,0.9038455221332616,0.99953270960125,32.19144582865097,-0.1788413657147276,37.3291015625,62.6708984375,1.8214005399781135,2.411947441899332,0.7566171697585687,0.9950476376787767,87.31133373866614,-0.48506296521481185,83.10546875,16.89453125,5.2545457892319725,4.905820222578483,0.8978041641541277,0.9975273802270832,-140.42264319460227,0.7801257955255682,37.3291015625,62.6708984375,0.5541816769636075,0.048495569524009845
rib_flipper_vansh_experimental_sinusoidalYaw_2_rib_flipper.bag,rib_flipper,experimental_sinusoidalYaw,2,10000.0,239.78412988794878,1.0074932054839656,20.82175949483341,0.10807498209651194,ok,servo_activity,0.24257965087890626,8.562681722640992,8.320102071762086,83201,-0.22777475889418738,1.8707596923198428,2.06910005685755,2.0565246666399633,-1.895130217351888,15.564699717848216,0.30517578125,4.721019111018727,0.4874577601339533,0.6103515625,0.0762939453125,16384,-1.1880513902398278,2.6116206719477018,3.415681596860305,3.202407635714007,-9.88481133916197,21.728840185444497,0.6866455078125,13.519119187788004,0.4931214332524173,0.6103515625,0.0762939453125,16384,-0.771283276275465,1.1607456930598454,1.7169136743558338,1.5339213385724297,-6.4170863668419305,9.657452620729654,0.8392333984375,2.847760059533569,0.5252009559490171,0.6103515625,0.0762939453125,16384,3.7901481086851714,3.7901481086851714,4.346935516154815,2.1285266490787356,31.53415859986719,31.53415859986719,0.6103515625,3.858119934666854,0.5732791428914124,0.6103515625,0.0762939453125,16384,0.48828125,0.5,parameter_table,pdf,Rows 5-8 repeat settings 1-4; retained as separate runs.,table row N = filename run N,ok,servo1,0.5,4.160051035881043,200.0,4.649825550686522,2.5043393495110977,0.6715340059166085,0.9794559155989591,53.26620111746945,-0.2959233395414969,38.96484375,61.03515625,12.246414078642468,9.895426151763253,1.3156106652639323,0.9913673666995148,29.55730156933625,-0.16420723094075693,37.3291015625,62.6708984375,2.177760493630352,2.6949212472114805,0.4404905803869471,0.9451418715769792,82.66296073801135,-0.45923867076672975,67.8466796875,32.1533203125,3.001178509215912,1.4827231706789585,0.7927610056318846,0.9832224407598432,-131.24407212138547,0.729133734007697,22.0703125,77.9296875,0.532294550387572,0.05839079991671294
rib_flipper_vansh_experimental_sinusoidalYaw_3_rib_flipper.bag,rib_flipper,experimental_sinusoidalYaw,3,10000.0,251.72872404273195,1.0233622817650152,20.818400663122734,0.11024553011266643,ok,servo_activity,0.2806136131286621,8.560532140731812,8.27991852760315,82799,-0.9398708975742709,1.3840362218389923,1.7757679233488917,1.5066500633815967,-7.781962870936642,11.459512565898397,0.9918212890625,2.4966384615022914,0.5572227001419147,0.6103515625,0.0762939453125,16384,-0.9550158609603462,3.1688554961167057,4.05642230218264,3.9423985844862113,-7.907255504508976,26.23762629964012,0.457763671875,18.85843907743573,0.4943899709933154,0.6103515625,0.0762939453125,16384,-0.8946151674116919,1.289378294922087,1.8625238483692959,1.6336030080718273,-7.407232630157391,10.675772117563127,0.152587890625,2.498742443566971,0.5360622890005773,0.6103515625,0.0762939453125,16384,4.0257026776285825,4.0257026776285825,4.80384311744086,2.621188022313161,33.33211173762646,33.33211173762646,0.6866455078125,8.199147539599762,0.5294787768763178,0.6103515625,0.0762939453125,16384,0.48828125,0.5,parameter_table,pdf,Rows 5-8 repeat settings 1-4; retained as separate runs.,table row N = filename run N,ok,servo1,0.5,4.139959263801575,200.0,0.7474449768784149,2.0888874847925463,1.399725261376714,0.7429985871730717,83.54616738271052,-0.4641453743483918,98.3642578125,1.6357421875,19.414696738869754,13.407827642254713,2.1826989538058053,0.9913994087247169,15.347491207920374,-0.08526384004400207,8.447265625,91.552734375,2.30843118283074,1.3418322894958443,0.2756050333422682,0.9850316863737086,86.4387109915636,-0.4802150610642422,69.482421875,30.517578125,6.264092744490571,4.798902149372145,1.5206659412763386,0.9757285828284377,-104.52077687274013,0.5806709826263341,37.3291015625,62.6708984375,0.5580040873511765,0.09448874524972166
rib_flipper_vansh_experimental_sinusoidalYaw_4_rib_flipper.bag,rib_flipper,experimental_sinusoidalYaw,4,10000.0,225.17335051269663,0.9907589453511109,20.829359620589475,0.11460733209013224,ok,servo_activity,0.2,8.360197353363038,8.160197353363039,81602,-0.21323427444128684,1.1708706178960941,1.5137662262212708,1.4986725232190272,-1.7399588548468907,9.554370270975959,0.91552734375,1.8931256110456596,0.6390676188191126,0.6103515625,0.0762939453125,16384,-1.4314901459806137,3.551417356410329,4.278671471888875,4.032104354591547,-11.681436026474275,28.979846284313368,0.6103515625,15.983773115247287,0.47732216904849445,0.6103515625,0.0762939453125,16384,-0.5476087924551181,1.4346023312647125,1.8892523972484583,1.8081480113461106,-4.468575052140437,11.706562290996748,0.6103515625,3.82116082786735,0.5315178023782905,0.6103515625,0.0762939453125,16384,4.357096374272577,4.357096374272577,4.916074894925111,2.2767308927086036,35.55430550271383,35.55430550271383,0.5340576171875,5.012010895912231,0.569193790603021,0.6103515625,0.0762939453125,16384,0.48828125,0.5,parameter_table,pdf,Rows 5-8 repeat settings 1-4; retained as separate runs.,table row N = filename run N,ok,servo1,0.5,4.080098676681519,200.0,0.8354286867395015,1.0737473462402227,0.47166592573515664,0.8602036295570097,120.34303926335642,-0.66857244035198,83.10546875,16.89453125,20.0512336952628,8.43445723962607,1.8387854225845077,0.9980169057576571,28.428563842498157,-0.15793646579165643,22.0703125,77.9296875,3.3066261150982275,2.6871224180430153,0.5304714311645857,0.9597067393767112,119.3522297773533,-0.6630679432075184,22.0703125,77.9296875,4.324653455171033,3.0019252090001487,0.38064499185802875,0.972390845922693,-119.0422351260574,0.6613457507003189,6.8115234375,93.1884765625,0.35726235570074516,0.08703783787478374
rib_flipper_vansh_experimental_sinusoidalYaw_5_rib_flipper.bag,rib_flipper,experimental_sinusoidalYaw,5,10000.0,201.6298432842996,0.9651313811098947,20.831945962054238,0.10999154390299433,ok,servo_activity,0.22440404891967775,8.48765950202942,8.263255453109743,82632,0.12289830521175822,2.285044954195085,2.6023620148511255,2.599458417231576,1.0154220311738003,18.881543525755582,0.5340576171875,7.170047978591094,0.44201190701661286,0.6103515625,0.0762939453125,16384,0.17726285252007135,3.1957216254474483,3.696863119175544,3.6926108382872918,1.46450339715952,26.406631929613024,0.457763671875,16.84986021751237,0.43347045013675994,0.6103515625,0.0762939453125,16384,-1.221956361827477,1.9654996238398785,2.451139771384588,2.1248314824128167,-10.09710191182093,16.241148594481807,0.91552734375,6.308618786429392,0.5290953577454757,0.6103515625,0.0762939453125,16384,4.714173211596598,4.714173211596598,5.142681319810088,2.055174466605852,38.95374779296385,38.95374779296385,0.9918212890625,4.957614137795799,0.5536948936860678,0.6103515625,0.0762939453125,16384,0.48828125,0.5,parameter_table,pdf,Rows 5-8 repeat settings 1-4; retained as separate runs.,table row N = filename run N,ok,servo1,0.5,4.131627726554871,200.0,9.82475414160048,3.4268248100989953,0.15779784489702972,0.9888129304918324,51.3026303454069,-0.28501461303003833,6.8115234375,93.1884765625,20.661793656290154,9.006199178044495,0.7275871072674753,0.9985783422509832,37.66993059089591,-0.20927739217164396,8.447265625,91.552734375,3.665653905006456,5.901640117377707,1.8882108010904948,0.4861106339109086,55.87310865529156,-0.31040615919606424,83.10546875,16.89453125,2.3206429555827013,4.461787712636108,1.5588664051104069,0.15661115865055436,-80.85913513955146,0.44921741744195254,98.3642578125,1.6357421875,0.5180450923312359,0.04911693630814651
rib_flipper_vansh_experimental_sinusoidalYaw_6_rib_flipper.bag,rib_flipper,experimental_sinusoidalYaw,6,10000.0,191.50324171308557,0.9466585436748813,20.820777570390373,0.10857242254802693,ok,servo_activity,0.20307655334472657,8.521911668777467,8.31883511543274,83189,0.18550469513805154,2.119318682555834,2.472830903483298,2.4658630710775005,1.5430367917167618,17.630241971646555,0.5340576171875,5.706196729265435,0.4872298227313934,0.6103515625,0.0762939453125,16384,0.1560430940271774,3.290953994139425,3.7751532849918963,3.7719269449435964,1.2977847738547132,27.376795060798486,0.457763671875,16.73772240304441,0.43313680111673825,0.6103515625,0.0762939453125,16384,-1.1578037852603313,1.9036351679529038,2.3972324887539873,2.0990983778695282,-9.631580225526047,15.836033200799879,0.91552734375,6.808276949007519,0.5223694749264688,0.6103515625,0.0762939453125,16384,4.693794455913967,4.693794455913967,5.110127063737727,2.0203198294270344,39.04682424769402,39.04682424769402,0.9918212890625,4.9174191380153,0.5741237322999528,0.6103515625,0.0762939453125,16384,0.5610446534563054,0.5,parameter_table,pdf,Rows 5-8 repeat settings 1-4; retained as separate runs.,table row N = filename run N,ok,servo1,0.5,4.15941755771637,191.50324171308557,7.064453782297945,2.982866530041182,0.17665166310882535,0.9745488452019323,53.964351143827976,-0.2998019507990443,6.8115234375,93.1884765625,19.848639424048503,8.53175608259335,0.5181841752813644,0.9947137066465952,35.38065175730015,-0.1965591764294453,8.447265625,91.552734375,4.030081737494837,6.13175316676838,2.3268874355409443,0.764032971209456,60.563455198893415,-0.3364636399938523,83.10546875,16.89453125,2.105188297025485,4.007691921394952,1.7209578373773988,0.4061046201558924,-112.50540089559544,0.6250300049755303,98.3642578125,1.6357421875,0.5145081509842343,0.06327489326628681
rib_flipper_vansh_experimental_sinusoidalYaw_7_rib_flipper.bag,rib_flipper,experimental_sinusoidalYaw,7,10000.0,202.19359814886232,0.9989558362658719,20.832411571729775,0.14501058708334882,ok,servo_activity,0.2,8.600302267074586,8.400302267074586,84003,0.20422990180987174,1.8778087113864195,2.330266065639997,2.32129922325409,1.7156568413893094,15.77387208000689,0.457763671875,4.266713194289401,0.5831489692908115,0.6103515625,0.0762939453125,16384,-0.10666590942404157,3.4755200757829723,4.064870504077067,4.063470757699937,-0.8960532053915711,29.194861003803275,0.457763671875,20.33572909638985,0.47460372180433935,0.6103515625,0.0762939453125,16384,-0.8465196140671424,1.804426338379136,2.2737919059868634,2.1103398244669007,-7.110896000336359,15.157599856574398,1.068115234375,5.823189387239683,0.5722895332100084,0.6103515625,0.0762939453125,16384,4.733411991113473,4.733411991113473,5.208017068263164,2.1721539323223897,39.76144285174581,39.76144285174581,1.1444091796875,5.257994969604465,0.6304187823984375,0.6103515625,0.0762939453125,16384,0.48828125,0.5,parameter_table,pdf,Rows 5-8 repeat settings 1-4; retained as separate runs.,table row N = filename run N,ok,servo1,0.5,4.200151133537293,200.0,3.4733194081568,1.78685178599839,0.9185432030087144,0.991881978550834,67.64972903044765,-0.3758318279469313,8.447265625,91.552734375,22.212798067483213,11.238997670384279,1.0514755823471416,0.9953858399917119,30.51557975529051,-0.16953099864050283,8.447265625,91.552734375,3.033754280345688,4.561925291896769,2.1876511893458743,0.7302000294411275,55.92979291406012,-0.3107210717447785,113.623046875,0.0,1.722412418451368,3.2158194621890153,1.9134920258929795,0.7080090194487966,-140.90937534194933,0.7828298630108296,128.8818359375,0.0,0.5143454188580865,0.10031143338961987
rib_flipper_vansh_experimental_sinusoidalYaw_8_rib_flipper.bag,rib_flipper,experimental_sinusoidalYaw,8,10000.0,169.02974127508665,0.951343395168094,20.827963263208336,0.10941050370259263,ok,servo_activity,0.2,8.440661478042603,8.240661478042604,53015,1.0061355407128314,2.4463327038138907,3.1000556423143224,2.9322408255733987,5.334092608270785,12.969167790087633,0.2288818359375,4.993426680642856,0.6036148117888964,0.6103515625,0.0762939453125,16384,-3.761543343322553,6.386522379951312,7.889153185844154,6.934661467297502,-19.940697739768325,33.85702410245569,0.3814697265625,43.441690935402065,0.4866633413072624,0.6103515625,0.0762939453125,16384,-1.8950873696817268,3.079796632373835,4.61906877439867,4.212415008507309,-10.046182228638385,16.326857287762806,0.30517578125,8.656584800778845,0.6176320136960841,0.6103515625,0.0762939453125,16384,7.987619528851335,7.987619528851335,9.653231547921385,5.420591626390744,42.34504581150064,42.34504581150064,0.457763671875,19.73618170830418,0.5873527056622283,0.6103515625,0.0762939453125,16384,0.5777383734988313,0.5,parameter_table,pdf,Rows 5-8 repeat settings 1-4; retained as separate runs.,table row N = filename run N,ok,servo1,0.5,4.120330739021302,169.02974127508665,4.133008124558633,0.9557964249114447,0.9534415281490877,0.6481865561552755,112.81200512128798,-0.6267333617849332,54.2236328125,45.7763671875,48.90236375318455,22.85857431493664,3.477156890737172,0.6925779566393854,11.650770835191112,-0.06472650463995062,23.7060546875,76.2939453125,2.9197601293566846,5.078902084646502,2.3021521080431384,0.24030605481586179,-88.10145601495823,0.48945253341643463,38.96484375,61.03515625,15.72624293650391,5.399337159255787,8.744307370579449,0.655327868207693,154.51458609504388,-0.8584143671946882,8.447265625,91.552734375,0.7044008910810566,0.10142036819338604
rib_flipper_vansh_yawPower_1_rib_flipper.bag,rib_flipper,yawPower,1,10000.0,217.18078964401295,1.638196633608039,20.82760127518845,0.1068323800673496,ok,servo_activity,0.2,5.4945481300354,5.2945481300354,52946,-0.19627426306066736,0.5634885359847389,0.8630335273992572,0.840418516618474,-1.0392213119761877,2.98341880384962,1.373291015625,0.5945242940032489,0.735507541756978,0.6103515625,0.0762939453125,16384,-0.06652542456633002,3.4642946503488936,4.009355888528577,4.0088039374313436,-0.35248327800680723,18.341763729881727,0.5340576171875,21.143842569028948,0.4526684373233208,0.6103515625,0.0762939453125,16384,-1.069131637576288,1.4928900028550005,1.8415249137803225,1.4993903926619876,-5.6604872965376325,7.90411436721475,0.9918212890625,2.258853511307532,0.52960008610568,0.6103515625,0.0762939453125,16384,4.009069010588385,4.009069010588385,4.495661855429921,2.0342913229691244,21.226090032863773,21.226090032863773,0.9918212890625,4.164126368728351,0.5410560521804115,0.6103515625,0.0762939453125,16384,0.390625,0.5,parameter_table,pdf,,table row N = filename run N,ok,servo1,0.5,2.6472740650177,200.0,0.2693322995236782,0.2115197578726845,0.16170589785397663,0.9531203014525784,78.78970233993927,-0.4377205685552181,174.658203125,0.0,25.858470634179476,11.485299496633079,1.4322670731095322,0.9901359662481938,33.75794978863579,-0.18754416549242106,6.8115234375,93.1884765625,0.9160912592895123,2.1764848123234124,1.0526937763351978,0.4032706737463448,-100.25984040330145,0.5569991133516747,98.3642578125,1.6357421875,1.537519030100962,4.075410363448131,1.9820724089495616,0.5450635100372333,-27.57492503868074,0.1531940279926708,98.3642578125,1.6357421875,0.5963445678342107,0.16870885701921795
rib_flipper_vansh_yawPower_2_rib_flipper.bag,rib_flipper,yawPower,2,10000.0,174.5880785880786,0.9593308036831427,20.822793199572057,0.10619864666271503,ok,servo_activity,0.3139185428619385,8.447161960601807,8.13324341773987,81332,0.10588428162213538,0.9400099971182195,1.1233276643383066,1.1183262316395512,0.861154753488933,7.645242171116692,0.5340576171875,1.2388518655462322,0.6352441454172857,0.6103515625,0.0762939453125,16384,0.3468320421023936,3.408166045358923,3.934524105068889,3.919207505088143,2.820704312650773,27.719103946434693,0.5340576171875,19.172496361948255,0.45428777986071495,0.6103515625,0.0762939453125,16384,-0.9760700093839342,1.4633897637405404,1.8170865917550523,1.5326744659963636,-7.9384122351467035,11.901845150708827,1.068115234375,2.6219389532577257,0.5318588035220444,0.6103515625,0.0762939453125,16384,4.0187055943679795,4.0187055943679795,4.477069203929272,1.9733610927976153,32.68465646563827,32.68465646563827,0.91552734375,5.034367117047353,0.5384146859634138,0.6103515625,0.0762939453125,16384,0.5967365967365967,0.5,parameter_table,pdf,,table row N = filename run N,ok,servo1,0.5,4.066621708869935,174.5880785880786,1.058779558956202,0.4580414642792692,0.07520992749003255,0.992391971092678,56.83009060013306,-0.31572272555629477,6.8115234375,93.1884765625,21.510146263617195,10.758895004996074,1.4356303159454316,0.9977113282320068,36.37600046010925,-0.20208889144505143,6.8115234375,93.1884765625,1.176138227522287,2.4752838197983085,1.0718038083314956,0.694569216197931,-112.07679245212029,0.6226488469562238,113.623046875,0.0,2.7878180505273704,4.658180852967674,1.6073235108733395,0.6089373629413349,-10.557260582458216,0.05865144768032342,83.10546875,16.89453125,0.39787445276624195,0.09027019940077749
rib_flipper_vansh_yawPower_3_rib_flipper.bag,rib_flipper,yawPower,3,10000.0,217.31019118180404,0.9625195468996299,20.82475752136816,0.10967029371661915,ok,servo_activity,0.26743335723876954,8.570398616790772,8.302965259552003,83029,-0.5408511350484178,0.8894822876083627,1.081523021785484,0.9365746613958991,-4.490641864091369,7.385192509442941,0.6103515625,0.772925046976305,0.7564710207645601,0.6103515625,0.0762939453125,16384,0.33459124848489125,3.48670592687067,4.034971252742124,4.021074695512715,2.7782105272451427,28.949500874008937,0.457763671875,19.13113842103087,0.44939569728096784,0.6103515625,0.0762939453125,16384,-0.8896057832476449,1.3390198755187768,1.6670258720964173,1.4098144589452775,-7.386204178355991,11.11764444507397,0.9918212890625,2.3188654789225076,0.5467731894925895,0.6103515625,0.0762939453125,16384,4.0172657257909075,4.0172657257909075,4.497739467259767,2.0226804996666723,33.35464702265612,33.35464702265612,0.9918212890625,4.660403193686402,0.537192260453525,0.6103515625,0.0762939453125,16384,0.48828125,0.5,parameter_table,pdf,,table row N = filename run N,ok,servo1,0.5,4.151482629776002,200.0,0.3160453182217545,0.1493484636958168,0.15513336506820583,0.9085041821527556,159.98800509805022,-0.8888222505447234,22.0703125,77.9296875,21.91007188830408,10.176902759524625,1.1269819589635723,0.9943200347753602,36.285248773921225,-0.20158471541067347,8.447265625,91.552734375,1.0718914775926627,2.234801814082889,0.8452388633229933,0.3870822429951462,-112.61726679776166,0.625651482209787,98.3642578125,1.6357421875,2.1231272509004255,4.588747683254972,1.6578627579250635,0.6847903465080769,-16.707935071680353,0.09282186150933529,98.3642578125,1.6357421875,0.395331167330845,0.26225128826131255
rib_flipper_vansh_yawPower_4_rib_flipper.bag,rib_flipper,yawPower,4,10000.0,185.6954885553637,0.9708832349965619,20.824602429857357,0.10999434382228092,ok,servo_activity,0.2,8.526049184799195,8.326049184799196,83261,-0.6259533705119262,1.1463319034318502,1.4047222936726809,1.2575480508854509,-5.211674878494719,9.544398581439298,0.8392333984375,1.9066177814524332,0.6219819538904008,0.6103515625,0.0762939453125,16384,-0.5294732497269343,2.6702063334912083,3.161678858336862,3.1170292396892725,-4.408541024181235,22.232311153651345,0.30517578125,12.251638848750884,0.45688714897587446,0.6103515625,0.0762939453125,16384,-0.6031004435372717,0.9371101173880445,1.357746282734334,1.2164476245544025,-5.021458956611371,7.802456902060291,0.8392333984375,2.1428481910687087,0.558393448439965,0.6103515625,0.0762939453125,16384,3.264620923426198,3.264620923426198,3.716575425559694,1.7762835134634631,27.18142499732543,27.18142499732543,0.8392333984375,3.9231883326307324,0.5427528575158963,0.6103515625,0.0762939453125,16384,0.4533581263558684,0.5,parameter_table,pdf,,table row N = filename run N,ok,servo1,0.5,4.163024592399598,185.6954885553637,1.0528353316286194,1.308132635317777,0.5045113315323349,0.9522504397110223,-164.0736217617665,0.9115201208987028,67.8466796875,32.1533203125,12.60698821904699,6.586051460036441,0.8270918813907965,0.9963333885756943,36.78190115730661,-0.20434389531837008,38.96484375,61.03515625,1.3558469912800808,1.73655634341624,0.6429846408563926,0.9568360938068236,68.8067608213844,-0.3822597823410244,67.8466796875,32.1533203125,2.95125826342289,3.068311967082507,1.0878486910783431,0.8498445270756874,-107.68762352859132,0.5982645751588407,67.8466796875,32.1533203125,0.3957933405870496,0.4791424528557284
petg_thin_vansh_rollAmpAndFrequency_1_petg_thin.bag,petg_thin,rollAmpAndFrequency,1,10000.0,263.11423373690485,1.0092827006419272,20.823827006953184,0.10510036649570119,ok,servo_activity,0.21631855964660646,5.041184711456299,4.824866151809692,48248,-0.5505339045756708,0.6091508720827628,1.0279136667499573,0.8680546792708443,-2.6560552894470075,2.9388704342752243,0.457763671875,0.3603541315660363,0.5734567845011725,1.220703125,0.0762939453125,8192,-0.25640567367924794,1.9875780804009289,2.364263958915424,2.3503191693749863,-1.2370031155063035,9.589379868468516,0.152587890625,6.42688048692585,0.4949636537749044,1.220703125,0.0762939453125,8192,-0.6763840165907588,0.9231476176715968,1.185497163907006,0.9736057660737772,-3.263242651193069,4.453827673687896,1.068115234375,0.8455425473272732,0.5715255430701933,1.220703125,0.0762939453125,8192,2.4450283038377534,2.4450283038377534,2.837561294377503,1.4399967683233212,11.796364677745864,11.796364677745864,1.220703125,1.8138957762347176,0.5811443122155849,1.220703125,0.0762939453125,8192,0.78125,0.5,parameter_table,pdf,,table row N = filename run N,ok,servo1,0.5,2.412433075904846,200.0,0.3008348385519598,0.19698581507446628,0.07516259602929891,0.7604994610376689,57.86328408978272,-0.32146268938768174,8.447265625,91.552734375,5.426207376887664,3.700304125450423,1.6623888766206423,0.9796999979636339,42.417393687254155,-0.23565218715141195,69.482421875,30.517578125,0.4264553367514673,0.5296756638925784,0.37149638321027206,0.06655685759271794,-159.1838930597478,0.8843549614430433,113.623046875,0.0,0.6155251549127441,1.0750585236617651,0.9943771412396949,0.2879928509557517,-117.92007737578771,0.6551115409765984,144.140625,0.0,0.16622623891024557,0.17856394914744983
petg_thin_vansh_rollAmpAndFrequency_2_petg_thin.bag,petg_thin,rollAmpAndFrequency,2,10000.0,166.03214313989392,0.9489877577280497,20.822638137318176,0.11430546228934206,ok,servo_activity,0.278061580657959,8.478531408309937,8.200469827651979,82005,-0.4129750454146288,0.5529065511905726,0.905009616472731,0.8052912626949985,-3.3865978668719094,4.534093344946848,1.678466796875,0.8053416243873686,0.7287464622204587,0.6103515625,0.0762939453125,16384,0.5181669862699598,2.1378867697220048,2.4247660831133317,2.36875358198287,4.249041538076495,17.531553622274988,0.8392333984375,7.343573797523365,0.5117053933175058,0.6103515625,0.0762939453125,16384,-0.9566251981814518,1.267137381398686,1.6880646667934256,1.3908380745006579,-7.844627145963386,10.390982304436315,0.762939453125,2.1990234254407137,0.519645857238908,0.6103515625,0.0762939453125,16384,2.7195966508747427,2.7195966508747427,3.0899992367315057,1.4669319478258598,22.301793115533105,22.301793115533105,1.52587890625,2.5079583596786255,0.6081746393573719,0.6103515625,0.0762939453125,16384,0.7296334415327369,0.75,parameter_table,pdf,,table row N = filename run N,ok,servo1,0.75,6.150352370738984,166.03214313989392,0.2617729929967631,0.27864743913788276,0.19785438834891222,0.989590232964532,68.61339385424836,-0.25412368094166055,123.79557291666667,0.0,7.209718798237524,1.0134583244813826,0.16046920141665807,0.998992790609566,28.56822856767978,-0.10580825395436955,11.897786458333334,88.10221354166667,2.2161832714178886,0.4476071529176653,0.05109608267795914,0.998475327576551,-152.2244425719879,0.5637942317481034,1.7252604166666667,98.27473958333333,0.8974330832801312,1.6114394435684618,0.5057754074689096,0.9854410964278181,-5.28427231176196,0.019571378932451703,103.45052083333333,0.0,0.23404311923201526,0.2114318791387918
petg_thin_vansh_rollAmpAndFrequency_3_petg_thin.bag,petg_thin,rollAmpAndFrequency,3,10000.0,193.17907148120855,0.9634767676567809,20.819640720940736,0.11047500003628254,ok,servo_activity,0.2542914867401123,8.414007711410523,8.159716224670412,81598,-0.6032774710191927,0.7475002554178477,1.067633676047805,0.8808507019875935,-4.922561909509879,6.099390985646024,1.983642578125,1.0778003143624342,0.7846813160594206,0.6103515625,0.0762939453125,16384,0.3347881331591189,2.0489390688829134,2.3337303812398758,2.3095918250240337,2.7316303383137654,16.718759143632784,0.9918212890625,7.058152242270344,0.5681486884275999,0.6103515625,0.0762939453125,16384,-1.0736301557888919,1.3608875878461617,1.7888631530500663,1.4308562712309523,-8.760404147077262,11.104367341178174,0.9918212890625,2.5334120905026336,0.5466171184288467,0.6103515625,0.0762939453125,16384,2.7765977564967117,2.7765977564967117,3.1282855590392624,1.4410674645938741,22.65620350638309,22.65620350638309,2.0599365234375,2.5340133092870505,0.6719530541323624,0.6103515625,0.0762939453125,16384,1.0375829034635224,1,parameter_table,pdf,,table row N = filename run N,ok,servo1,1,8.159716224670412,193.17907148120855,0.2191423801678762,0.24010354698279626,0.22341324496144044,0.9884037867076402,58.83085808779542,-0.16341905024387618,98.3642578125,1.6357421875,6.537486687131891,0.2063233531289592,0.21099694631307694,0.9983467194254957,26.19183760386097,-0.07275510445516936,0.81787109375,99.18212890625,2.344364419219132,0.3646964336542896,0.009744734043045862,0.998572076517771,-165.74917778653267,0.46041438274036856,0.81787109375,99.18212890625,0.9755577436997184,1.1414277596065645,0.22623403482923476,0.9959081772627921,-16.94489038906451,0.04706913996962365,105.99365234375,0.0,0.33386138196940346,0.2503344174656857
petg_thin_vansh_rollAmpAndFrequency_4_petg_thin.bag,petg_thin,rollAmpAndFrequency,4,10000.0,188.17820449549106,0.9711478730042042,20.81912401223047,0.10583117830971289,ok,servo_activity,0.21845788955688478,7.993139314651489,7.774681425094604,77747,-0.6074715134431982,0.7671615520764874,1.06715099000182,0.8773765416381353,-4.722792646444158,5.964334789806392,2.0599365234375,0.945938176523846,0.8027131766660337,0.6103515625,0.0762939453125,16384,0.45280876085581256,2.488041791725573,2.8694044544502573,2.833451278796091,3.5207632592524836,19.343467531902014,0.9918212890625,10.332997111213821,0.5652950507728179,0.6103515625,0.0762939453125,16384,-1.2731817823233265,1.5817716054390716,2.0529101668423326,1.6104186729806045,-9.898579653290113,12.297718417020256,0.9918212890625,3.2699700032776686,0.5491752342724472,0.6103515625,0.0762939453125,16384,3.260792400715,3.260792400715,3.6860186260795604,1.7187106304566688,25.35133997355422,25.35133997355422,2.0599365234375,3.635875626128904,0.6331512411813011,0.6103515625,0.0762939453125,16384,0.9188388891381399,1,parameter_table,pdf,,table row N = filename run N,ok,servo1,1,7.774681425094604,188.17820449549106,0.17259431754339982,0.2293366093775667,0.1712700107586115,0.9840083140498892,62.90710917370362,-0.17474196992695448,105.99365234375,0.0,9.191635812104002,0.1549474526498378,1.000329768761994,0.9967642431569008,18.650976069826434,-0.05180826686062898,0.81787109375,99.18212890625,2.854243370521664,0.451461301015857,0.008702862308004669,0.9976236823900219,-172.7042679119014,0.47973407753305947,0.81787109375,99.18212890625,1.127266878333357,2.072500712809665,0.3059183326720577,0.9884130809246325,-15.221444404850997,0.04228179001347499,105.99365234375,0.0,0.4655699797251219,0.24811868825854871
petg_thin_vansh_rollAmpAndFrequency_5_petg_thin.bag,petg_thin,rollAmpAndFrequency,5,10000.0,239.83897529734676,1.0217869537042972,20.814681375833096,0.1062438199436294,ok,servo_activity,0.28418703079223634,8.284849214553834,8.000662183761598,80007,-0.6349232104918916,0.7436827074449065,1.0539212478819124,0.8412030156363187,-5.0797729119869794,5.9499250192589646,1.4495849609375,0.8043863525614012,0.7185404982288681,0.6103515625,0.0762939453125,16384,0.48830616577797253,2.586923413600859,2.9568042400887515,2.91620445145227,3.9063153302265996,20.69672234488317,0.762939453125,10.46537114360298,0.5215116938165559,0.6103515625,0.0762939453125,16384,-1.1884743152805897,1.5327384752632025,2.0342658722641467,1.6509895338786804,-9.508321230573952,12.26267549534684,0.6866455078125,3.002656989064781,0.5185943774598001,0.6103515625,0.0762939453125,16384,3.3106628245074874,3.3106628245074874,3.7405452744222196,1.741031479447315,26.487049354976776,26.487049354976776,1.4495849609375,3.938374632221524,0.5878145564837749,0.6103515625,0.0762939453125,16384,0.78125,0.75,parameter_table,pdf,,table row N = filename run N,ok,servo1,0.75,6.000496637821199,200.0,0.2350842324726772,0.3640354119237442,0.14089310250701642,0.956126931133119,60.594467630190884,-0.22442395418589214,93.27799479166667,6.722005208333329,10.407504817537854,1.2985233337374966,0.5600015695324997,0.9993240163895355,21.98431572866821,-0.08142339158766004,1.7252604166666667,98.27473958333333,3.049258125984434,0.7247516249259134,0.06786669923477956,0.9974389606639253,-155.1691006453429,0.5747003727605292,8.447265625,91.552734375,1.2819409280799345,2.826827653002444,0.597682847719556,0.9769676998475401,-2.8864750669916996,0.010690648396265554,93.27799479166667,6.722005208333329,0.34258273137490125,0.21633044518521155
petg_thin_vansh_rollAmpAndFrequency_6_petg_thin.bag,petg_thin,rollAmpAndFrequency,6,10000.0,160.02685997710796,0.9421311018215901,20.820467508227807,0.10540197241044333,ok,servo_activity,0.3157824993133545,8.296257543563843,7.980475044250489,79805,-0.5887755685135196,0.6540131319764644,1.0132280473350659,0.8246056062312529,-4.69873602302776,5.2193135235217865,0.6866455078125,0.6304616428109722,0.6217150250749965,0.6103515625,0.0762939453125,16384,0.23211786241040477,2.303164359923742,2.663662665444681,2.6535297422930633,1.8523174686176378,18.380304042022825,0.6103515625,8.181835187102228,0.45463491281665985,0.6103515625,0.0762939453125,16384,-0.8293103918755168,1.1526010082755709,1.5140345986509431,1.2667063747528071,-6.618203423848333,9.198224188028965,0.762939453125,2.154990363674417,0.5040695315366275,0.6103515625,0.0762939453125,16384,2.8562238834384415,2.8562238834384415,3.227077724056614,1.5020039163658154,22.793928079873385,22.793928079873385,0.91552734375,2.8555307134735193,0.5371543512982248,0.6103515625,0.0762939453125,16384,0.4688286913391835,0.5,parameter_table,pdf,,table row N = filename run N,ok,servo1,0.5,3.9902375221252444,160.02685997710796,0.4647774238168168,0.3834709338939454,0.13075558732792625,0.9915668371908629,72.38707317583437,-0.4021504065324132,37.3291015625,62.6708984375,9.427822537718797,5.156918897757818,0.3530009056369475,0.998025326841586,38.76563132768746,-0.21536461848715255,22.0703125,77.9296875,1.8355839728016083,1.8462668146835832,0.3590340706096685,0.9746809683605014,-136.16763197285496,0.7564868442936387,52.587890625,47.412109375,1.584100864986731,2.3794551710928427,1.2057216842797782,0.8847575363113851,-28.058993924705526,0.15588329958169736,83.10546875,16.89453125,0.19609047809772054,0.17612963248801575
petg_thin_vansh_rollAmpAndFrequency_7_petg_thin.bag,petg_thin,rollAmpAndFrequency,7,10000.0,183.48589177129358,0.9631510473368788,20.81029226071015,0.11427702814555607,ok,servo_activity,0.204711389541626,8.204412984848023,7.999701595306397,79997,-0.7253168470015259,0.7733809802215534,1.0958410216776402,0.8214517735371075,-5.802317990404829,6.1867964116713825,0.3814697265625,0.6249607514972944,0.6367222815126256,0.6103515625,0.0762939453125,16384,0.27160849912322815,2.608446654962058,3.0448963631899977,3.032758263655661,2.1726428497655697,20.86664704502946,0.6103515625,11.433882463707535,0.45599723479202553,0.6103515625,0.0762939453125,16384,-1.2217215649634823,1.518710086362594,2.010112943976251,1.5962300790437602,-9.773191642715148,12.149010717351619,0.6866455078125,3.243387406199632,0.4888408779243028,0.6103515625,0.0762939453125,16384,3.401980852098449,3.401980852098449,3.8095689329502935,1.7144508557714762,27.214554359759468,27.214554359759468,0.8392333984375,3.977389763575612,0.5285528845162372,0.6103515625,0.0762939453125,16384,0.6271490441401636,0.5,parameter_table,pdf,,table row N = filename run N,ok,servo1,0.5,3.9998507976531985,183.48589177129358,0.4418767431131925,0.3419462779078056,0.11938751396979272,0.955058046412947,82.88227817586888,-0.4604571009770493,23.7060546875,76.2939453125,13.497904636112356,7.302778906689115,0.6417669159754789,0.9966330233002096,30.975146565542893,-0.1720841475863494,22.0703125,77.9296875,2.9230160725739234,2.654444275814212,0.48745256275390453,0.9285203921682776,-139.33251832765043,0.7740695462647246,37.3291015625,62.6708984375,2.432559455453826,3.009776783633979,1.6586673903481937,0.7632406358617363,-8.024683310991696,0.044581573949953865,67.8466796875,32.1533203125,0.27055182146168144,0.17396139936394822
petg_thin_vansh_rollAmpAndFrequency_8_petg_thin.bag,petg_thin,rollAmpAndFrequency,8,10000.0,156.8726483898717,0.9408387776717829,20.831118262908,0.12816643890362053,ok,servo_activity,0.2,8.220021533966065,8.020021533966066,53989,-0.6283302965818199,0.7364914375415698,1.0221334982975923,0.8061996816790963,-3.3922598048603283,3.976210988787921,1.52587890625,0.6316714875763763,0.7799577765678744,0.6103515625,0.0762939453125,16384,0.5508728197222162,2.9690746107310675,3.4405092399171635,3.3961217537724813,2.9737520122130743,16.029381661690763,0.762939453125,13.926892389810565,0.5283751080311637,0.6103515625,0.0762939453125,16384,-1.2842223163502395,1.7154338715304005,2.2319253357330777,1.8254489164244603,-6.93297402466536,9.26104208992753,0.8392333984375,3.812378787078597,0.507748102596524,0.6103515625,0.0762939453125,16384,3.7299734765057484,3.7299734765057484,4.226505817171516,1.9876240306326247,20.137207180695242,20.137207180695242,1.4495849609375,4.919370099101077,0.5816123631360715,0.6103515625,0.0762939453125,16384,0.7659797284661705,0.75,parameter_table,pdf,,table row N = filename run N,ok,servo1,0.75,6.015016150474549,156.8726483898717,0.18889699670469695,0.2229383213383988,0.08345808133065985,0.6722527690111318,86.49021326347129,-0.32033412319804183,103.45052083333333,0.0,13.607132520969492,1.4977126571585868,1.5591453403912632,0.6770190809224035,18.589889939162806,-0.0688514442191215,1.7252604166666667,98.27473958333333,3.464808633120922,0.9813233884078515,0.046908448582247186,0.6623294120446166,-152.2948365134316,0.5640549500497466,11.897786458333334,88.10221354166667,1.7345324695270226,3.1640062526484147,0.7860337336242099,0.6807809169765782,9.279365793022308,-0.03436802145563818,93.27799479166667,6.722005208333329,0.4556883241415402,0.2179221389364239
petg_thin_vansh_rollAmpAndFrequency_9_petg_thin.bag,petg_thin,rollAmpAndFrequency,9,10000.0,150.955695519165,0.9255727635996739,20.818503995632103,0.13260481803151175,ok,servo_activity,0.2,8.06553773880005,7.865537738800049,51452,-0.6272688230164444,0.7713998673152734,1.0487782751200112,0.8405175156028994,-3.227293179379278,3.9688762285056125,2.0599365234375,0.822908233270475,0.7783228384521191,0.6103515625,0.0762939453125,16384,0.5357718229068288,2.7364496772230695,3.1571604142259035,3.1113679362836812,2.7562544378979883,14.079182133925912,0.9918212890625,11.590490417479048,0.5882977484509903,0.6103515625,0.0762939453125,16384,-1.4875518748865062,1.8578299430485006,2.3741843335198904,1.8503893290475186,-7.653340588316214,9.558495304623309,0.9918212890625,3.556569466410774,0.5502908318349012,0.6103515625,0.0762939453125,16384,3.6257355453868247,3.6257355453868247,4.087095423531248,1.8863697293925645,18.654546914630505,18.654546914630505,1.9073486328125,4.244156280672509,0.6420706522907716,0.6103515625,0.0762939453125,16384,1.031923699838042,1,parameter_table,pdf,,table row N = filename run N,ok,servo1,1,7.865537738800049,150.955695519165,0.11954353562871253,0.21369412432821325,0.175045549074245,0.630818742211803,77.59244162091787,-0.21553456005810517,105.99365234375,0.0,9.392580128409163,0.04074061381701606,1.8337753281276503,0.6870678819929654,16.7562699704337,-0.046545194362315835,0.81787109375,99.18212890625,3.560809607054117,0.3547861502955893,0.012148982877491894,0.6824927444776763,-174.0543815934865,0.4834843933152403,0.81787109375,99.18212890625,1.2966661000817163,2.14273511553122,0.5334773345873328,0.6838715677394835,-10.493760752068221,0.029149335422411726,90.73486328125,9.26513671875,0.6247026398151813,0.2499970691770244
petg_thin_vansh_rollAmpAndFrequency_10_petg_thin.bag,petg_thin,rollAmpAndFrequency,10,10000.0,143.9116143420827,0.9617960505373075,20.813493550219956,0.10813403878896867,ok,servo_activity,0.2907998085021973,5.309687662124634,5.018887853622436,50189,-0.9701653461142553,1.0182432698044446,1.3652797947356314,0.9606082027092918,-4.8690959753831615,5.110394266591854,0.6103515625,1.000489971925727,0.6120702033362352,0.6103515625,0.0762939453125,16384,-0.24097709427931588,3.099294122320645,3.646474540985654,3.6385033486434,-1.2094495731967572,15.554940138983252,0.152587890625,15.293365532272354,0.45381313497408576,0.6103515625,0.0762939453125,16384,-1.3063204082117386,1.8059686882446526,2.302900127943979,1.89654316860279,-6.556158163859781,9.063842916516972,0.762939453125,5.2340184310715,0.4978600871910322,0.6103515625,0.0762939453125,16384,4.039458303716729,4.039458303716729,4.52372794222357,2.036391688204473,20.273442611176975,20.273442611176975,0.91552734375,4.5802956456466015,0.5100512518538319,0.6103515625,0.0762939453125,16384,0.14053868588094012,0.5,parameter_table,pdf,,table row N = filename run N,ok,servo1,0.5,2.509443926811218,143.9116143420827,0.6870113066921126,0.5979102353826967,0.2334840431208381,0.7708366914065443,82.15977311616399,-0.4564431839786888,22.0703125,77.9296875,16.561762691891964,8.38670756506064,1.1359963331383598,0.9963235565256282,29.769218839454336,-0.16538454910807965,69.482421875,30.517578125,4.667526213325195,4.345822861164854,1.1971975057291697,0.5468414385714554,-136.94194057698544,0.7607885587610302,52.587890625,47.412109375,2.5398252115429156,4.527067005800479,1.5668880326948518,0.2720727565436526,2.584585201147384,-0.014358806673041022,83.10546875,16.89453125,0.3962018793356161,0.17409794665923964
petg_thin_vansh_rollAmpAndFrequency_11_petg_thin.bag,petg_thin,rollAmpAndFrequency,11,10000.0,298.0179053573966,1.074687226738805,20.81896900461866,0.1376858681902999,ok,servo_activity,0.2,8.439255046844483,8.239255046844484,82392,-0.7288908684532137,0.8480829234968079,1.1308640747350711,0.8646222628477296,-6.0054299839812195,6.9874771638964,0.8392333984375,0.8720815923302457,0.7551383444283921,0.6103515625,0.0762939453125,16384,0.39283689072104705,3.3957260966876848,3.9091482357774985,3.889359729643293,3.236338161431755,27.977742907232077,0.762939453125,19.685420302807255,0.5279532969707774,0.6103515625,0.0762939453125,16384,-1.7136623974578733,1.930677181562796,2.4674496273303292,1.7752940181703745,-14.11886356685454,15.90689177605182,0.6866455078125,3.569302491851355,0.5370696428666917,0.6103515625,0.0762939453125,16384,4.28675210395364,4.28675210395364,4.7590546485852965,2.066968201852742,35.31892265384376,35.31892265384376,1.4495849609375,5.308007649194736,0.5824111450590009,0.6103515625,0.0762939453125,16384,0.78125,0.75,parameter_table,pdf,,table row N = filename run N,ok,servo1,0.75,6.179441285133363,200.0,0.4020299104220176,0.18553956605592076,0.10956549619087107,0.9650079885839428,71.45170298807264,-0.26463593699286164,11.897786458333334,88.10221354166667,19.670278558829423,1.8071012259082277,2.2389130561531134,0.9977078280834626,-1.2671230381465381,0.004693048289431623,1.7252604166666667,98.27473958333333,3.3560147988104374,0.731612945335278,0.0817142124624917,0.9924653822179009,-179.1866539132208,0.6636542737526696,8.447265625,91.552734375,1.4396835042589358,3.945279843556123,1.5515925105144057,0.9613677746580489,-23.266081595079775,0.08617067257436954,93.27799479166667,6.722005208333329,0.599233627431887,0.21039200258016394
petg_thin_vansh_rollAmpAndFrequency_12_petg_thin.bag,petg_thin,rollAmpAndFrequency,12,10000.0,270.7924333397895,1.0397232939992198,20.820570861255895,0.10946412884411982,ok,servo_activity,0.3901700496673584,8.45917730331421,8.069007253646852,80690,-0.5915772716167427,0.8008529832426671,1.164188845307465,1.0026824019822125,-4.773229909290899,6.461875626400483,1.068115234375,1.093131207717253,0.808231572912764,0.6103515625,0.0762939453125,16384,0.21377571654435684,3.086694802754416,3.5201933369199447,3.5136962122971767,1.7252100564017852,24.906286563820014,0.9918212890625,15.033355165630732,0.5846378733987457,0.6103515625,0.0762939453125,16384,-1.5427680039742433,1.7311996888835979,2.197420147016827,1.5647754434514816,-12.448378493888194,13.968833759421777,0.9918212890625,3.0204928251387977,0.5968425720007712,0.6103515625,0.0762939453125,16384,3.881709439580161,3.881709439580161,4.309959640106779,1.8729879673995853,31.321109331259787,31.321109331259787,1.983642578125,4.292272157489392,0.6199318355394033,0.6103515625,0.0762939453125,16384,0.9765625,1,parameter_table,pdf,,table row N = filename run N,ok,servo1,1,8.069007253646852,200.0,0.22936105266174034,0.18930732745652035,0.20914560248868116,0.9842153838506019,72.69422171841303,-0.20192839366225843,6.8115234375,93.1884765625,12.680067901358257,0.15483815000181161,2.3422935394932445,0.9995219956199227,4.8873246675959,-0.013575901854433057,0.81787109375,99.18212890625,2.6507944736575166,0.3601919189836064,0.007023976289840297,0.988583493705129,175.5848290397324,-0.4877356362214789,0.81787109375,99.18212890625,0.6787815678362029,3.166126357732251,0.6173355378877743,0.965904089452016,-23.94220472093066,0.0665061242248074,98.3642578125,1.6357421875,0.785686660063984,0.25454238371448773
petg_thin_vansh_yawPower_1_petg_thin.bag,petg_thin,yawPower,1,10000.0,178.4126930111872,0.9594420757266735,20.805079365079365,0.1258949701902159,ok,servo_activity,0.2,8.598619270324708,8.398619270324708,83115,-0.8029758461565569,0.8636455400723506,1.187226985339307,0.8744928274188535,-6.673913831738034,7.1781559709276355,0.6103515625,0.61605274824139,0.6103083889776313,0.6103515625,0.0762939453125,16384,0.17838261425796473,2.6736603419249128,3.1668000632162663,3.1617720163410015,1.4825743882384996,22.222023241503187,0.6103515625,12.243775741514499,0.4589521060736977,0.6103515625,0.0762939453125,16384,-1.3020708018790415,1.720757483283216,2.2747609976204326,1.86524776455815,-10.822049813139978,14.301964165630773,0.6866455078125,4.8162409554870855,0.4833246590125769,0.6103515625,0.0762939453125,16384,3.6249078571873143,3.6249078571873143,4.07586409874023,1.8635211773149203,30.128247546962932,30.128247546962932,0.8392333984375,3.916015913677613,0.510770383676453,0.6103515625,0.0762939453125,16384,0.5226934365562125,0.5,parameter_table,pdf,,table row N = filename run N,ok,servo1,0.5,4.199309635162354,178.4126930111872,0.40270634426291513,0.36891076101744574,0.1448710425788278,0.9702197740053905,69.67934761943488,-0.3871074867746382,22.0703125,77.9296875,14.001678336083748,7.113571904666137,0.8573359840825323,0.99733762589902,22.705402549614707,-0.12614112527563726,22.0703125,77.9296875,4.648382754581174,3.932654117784148,0.574719661924348,0.9660542898607554,-144.50685833064662,0.8028158796147036,37.3291015625,62.6708984375,2.628200758040562,3.329284725290029,1.022474572123007,0.8104509681012902,-7.714117396465717,0.042856207758142875,67.8466796875,32.1533203125,0.3143583267241192,0.1761502336484255
petg_thin_vansh_yawPower_2_petg_thin.bag,petg_thin,yawPower,2,10000.0,148.25577038634194,0.9316000458085864,20.826256858412574,0.10746274873409441,ok,servo_activity,0.2,8.45511727333069,8.25511727333069,82551,-0.5877497030723741,0.7518414953868741,1.099870756947229,0.9296590603689112,-4.851944846335236,6.206503409665036,0.6866455078125,0.9515633884631988,0.5353002608406604,0.6103515625,0.0762939453125,16384,0.21947800282768118,2.608808240386017,3.1034944859821985,3.0957240559837826,1.8118092788499958,21.535822036025877,0.5340576171875,11.955635126839242,0.45667622888563403,0.6103515625,0.0762939453125,16384,-1.349157777981277,1.6829581022686915,2.2638590515694195,1.817919441417967,-11.137366497367513,13.892898271559151,0.6866455078125,4.116873386579394,0.48886790410118386,0.6103515625,0.0762939453125,16384,3.543414091658556,3.543414091658556,3.995804238433406,1.8467994170775406,29.251052048306292,29.251052048306292,0.9918212890625,3.789607467020103,0.5079740617311876,0.6103515625,0.0762939453125,16384,0.5791241030716482,0.5,parameter_table,pdf,,table row N = filename run N,ok,servo1,0.5,4.127558636665345,148.25577038634194,0.8081301105165392,0.7390787050932826,0.09659799325776468,0.9872313760929348,63.03870669613689,-0.3502150372007605,37.3291015625,62.6708984375,14.35693541488944,7.5107920485508615,0.9132563053296394,0.9992912270785901,32.004594280827774,-0.1778033015601543,6.8115234375,93.1884765625,3.7460753015581787,3.3047309955575654,0.7242268161265365,0.9961722803963589,-130.7920898349656,0.7266227213053644,37.3291015625,62.6708984375,2.331545629897015,3.851389145369504,1.3158274131814736,0.95760841340079,12.798788318812576,-0.07110437954895876,98.3642578125,1.6357421875,0.3119905557233683,0.09474050581244643
petg_thin_vansh_yawPower_3_petg_thin.bag,petg_thin,yawPower,3,10000.0,245.22357343311506,0.9875505481922475,20.831635567166476,0.11769265863037418,ok,servo_activity,0.20981783866882325,8.449955034255982,8.24013719558716,82401,-0.8937210394495343,1.0108771060496278,1.3144231904392176,0.963831430909812,-7.364316884975347,8.329694589366778,0.5340576171875,0.7364238115688752,0.6696826456945703,0.6103515625,0.0762939453125,16384,0.02930717791191076,2.729717543584288,3.207824978190245,3.2076910979743802,0.24140469628895467,22.493056150465918,0.30517578125,13.471064131864043,0.45208948308242974,0.6103515625,0.0762939453125,16384,-0.9613843139939512,1.3470595861876564,1.7751266221697273,1.4922515624190467,-7.9217396826377176,11.099742493041068,1.068115234375,2.0825344289980854,0.5370787163395211,0.6103515625,0.0762939453125,16384,3.428450889408455,3.428450889408455,3.894730278081059,1.8478767377495013,28.25058728668418,28.25058728668418,0.9918212890625,3.994684512749743,0.5219493323371327,0.6103515625,0.0762939453125,16384,0.48828125,0.5,parameter_table,pdf,,table row N = filename run N,ok,servo1,0.5,4.12006859779358,200.0,0.5052407401400671,0.35376458201402955,0.15930814759375378,0.834419244991092,89.19507794520314,-0.49552821080668413,6.8115234375,93.1884765625,15.315108504451912,6.91277465928221,0.7730433612346865,0.998137735023894,29.539220296010384,-0.1641067794222799,38.96484375,61.03515625,1.150523103959484,1.9076418825264179,0.6143239617947424,0.8234179726357237,-143.2594617440639,0.7958858985781327,113.623046875,0.0,2.485215880742881,3.7308164026799053,1.1334906786079395,0.4156760625281023,-48.713994398524534,0.2706333022140252,98.3642578125,1.6357421875,0.31167948870087125,0.2678771884436128
petg_thin_vansh_yawPower_4_petg_thin.bag,petg_thin,yawPower,4,10000.0,197.8538610311807,0.9759056783479907,20.826670506626414,0.10457770556677119,ok,servo_activity,3.1715228080749513,8.386493968963624,5.214971160888672,52149,-0.894336882344622,1.2560162697127726,1.5481225774468774,1.2636633474461723,-4.663916789605872,6.549959863058236,1.2969970703125,1.7184000946520401,0.5862489096227603,0.6103515625,0.0762939453125,16384,-1.091967061924928,2.4756862168986866,3.0193487560890877,2.814973329637026,-5.69447642384992,12.91041604479674,0.2288818359375,9.575357225434495,0.4494404141894692,0.6103515625,0.0762939453125,16384,-0.556594070559971,0.8878117750971165,1.1202607981039738,0.9722074348543289,-2.902544406618154,4.629811614008914,0.762939453125,0.8301713479520256,0.5759340937870496,0.6103515625,0.0762939453125,16384,3.0394768044827356,3.0394768044827356,3.5732526752898455,1.878753692339009,15.850499664533809,15.850499664533809,0.9918212890625,3.1983309338444466,0.529624908881587,0.6103515625,0.0762939453125,16384,0.19321666116326242,0.5,parameter_table,pdf,,table row N = filename run N,ok,servo1,0.5,2.607485580444336,197.8538610311807,0.8199580212023461,0.8386627257915216,1.051340061794966,0.8341048838637565,129.25501723216044,-0.718083429067558,159.3994140625,0.0,10.285373983055777,5.325112511229139,0.39952193735195685,0.9961448028311171,30.343552139437655,-0.16857528966354254,54.2236328125,45.7763671875,0.5382571889170067,0.5560456084357408,0.3065882601278626,0.9104053034269842,143.30986103528278,-0.79616589464046,52.587890625,47.412109375,2.1089762212792027,2.5986899361454046,1.0483162009385922,0.8928875541685789,-115.88277539443901,0.6437931966357723,98.3642578125,1.6357421875,0.3507368549054794,0.5120997992744063
petg_thin_vansh_experimental_sinusoidalYaw_1_petg_thin.bag,petg_thin,experimental_sinusoidalYaw,1,10000.0,147.31329025007025,0.950978248365793,20.802912395038216,0.10924330935940847,ok,servo_activity,3.0745448589324953,8.242094564437867,5.167549705505372,51675,-0.7793701517659107,1.326075783850428,1.5612199087597154,1.3527711447410737,-4.027349758891406,6.852451112688149,0.152587890625,2.0526882668234387,0.4614578678322969,0.6103515625,0.0762939453125,16384,-1.6779434492546335,2.259986896980036,3.0733637099020945,2.5748922840473596,-8.67068472141003,11.67839423753105,0.152587890625,7.565753079183528,0.43781327761313865,0.6103515625,0.0762939453125,16384,-1.1343566809834689,1.2921008005701453,2.007619709696772,1.6564334635206808,-5.861744155893473,6.676855567283537,0.6103515625,2.3793935406985507,0.47146459057010615,0.6103515625,0.0762939453125,16384,3.1542408544282856,3.1542408544282856,3.98917397409712,2.4421862393907077,16.299413857797003,16.299413857797003,0.6866455078125,7.600977516733989,0.47060785084588674,0.6103515625,0.0762939453125,16384,0.14386063500983423,0.5,parameter_table,pdf,Rows 5-8 repeat settings 1-4; retained as separate runs.,table row N = filename run N,ok,servo1,0.5,2.583774852752686,147.31329025007025,2.3024476606757114,0.8537410169912099,0.034624065462460885,0.986656071206034,33.14436746384993,-0.1841353747991663,69.482421875,30.517578125,7.994307327723583,4.515708225789731,0.1319402248447656,0.9575758880005186,32.766484432384345,-0.18203602462435745,69.482421875,30.517578125,2.5103395469382064,1.371019431845371,0.2741703781321925,0.869441774724079,65.56271496126845,-0.3642373053403803,22.0703125,77.9296875,6.7950886023160795,5.710448370606228,0.7120427528136419,0.8593566340245784,-135.2684599049341,0.7514914439163006,37.3291015625,62.6708984375,0.41858817683079946,0.04727171791278681
petg_thin_vansh_experimental_sinusoidalYaw_2_petg_thin.bag,petg_thin,experimental_sinusoidalYaw,2,10000.0,239.88012582213327,1.040334640931848,20.830032007588457,0.10910933501913107,ok,servo_activity,0.2,8.159587907791138,7.959587907791138,50051,-0.8267362439771235,1.2070220697138823,1.5251954268961996,1.2816896165295553,-4.137865978240651,6.041234564635701,0.3814697265625,1.4793738783997734,0.6913144224283717,0.6103515625,0.0762939453125,16384,-1.8240076262255842,2.123489924680267,2.9768861493376932,2.3526256237636933,-9.129267531771465,10.628192271473278,0.6866455078125,6.413166011778324,0.45926733055774766,0.6103515625,0.0762939453125,16384,-1.2363410464236766,1.4228225878238479,2.064605585654545,1.6534984249293845,-6.187918076288263,7.1212720568304455,0.30517578125,2.4013414590702813,0.4830270937583142,0.6103515625,0.0762939453125,16384,3.119704716184416,3.119704716184416,3.930733832334571,2.3912571891112724,15.614296395081318,15.614296395081318,0.3814697265625,7.088775815751016,0.46300845483506736,0.6103515625,0.0762939453125,16384,0.48828125,0.5,parameter_table,pdf,Rows 5-8 repeat settings 1-4; retained as separate runs.,table row N = filename run N,ok,servo1,0.5,3.979793953895569,200.0,0.7431327514806018,0.45383086644108833,0.04583542038930528,0.7234109661807618,46.834060900413824,-0.26018922722452126,23.7060546875,76.2939453125,6.440546898027179,4.376097467426288,0.18298429307158862,0.7037686870884222,35.67231659195518,-0.1981795366219732,37.3291015625,62.6708984375,2.623802379476934,1.087305475101435,0.18855034190911618,0.67682186074182,65.22489458390436,-0.36236052546613534,38.96484375,61.03515625,6.740544837310425,4.61203965112353,0.2899543435382915,0.7213406659010045,-139.29439518827658,0.773857751045981,23.7060546875,76.2939453125,0.3987939050017564,0.05823719388326895
petg_thin_vansh_experimental_sinusoidalYaw_3_petg_thin.bag,petg_thin,experimental_sinusoidalYaw,3,10000.0,155.66168120244944,0.9460000680142486,20.822948264135395,0.11960777745610462,ok,servo_activity,0.2,8.157829332351685,7.957829332351685,79578,-1.110659405510622,1.3276802437445727,1.5683859938304077,1.1073709001929695,-8.838414277759387,10.565397672902495,1.220703125,0.8251810033232211,0.7856363066144477,0.6103515625,0.0762939453125,16384,-0.23803235551028495,3.493679107733651,4.6987356466062575,4.692702555502379,-1.8942437602062756,27.801969721996322,0.3814697265625,20.75664247629695,0.4880142782087523,0.6103515625,0.0762939453125,16384,-1.4759508492050393,1.6052755120047308,2.150985733987295,1.5647072309374,-11.74532456435714,12.774428942768301,0.6103515625,2.3267483383348204,0.5897216566933685,0.6103515625,0.0762939453125,16384,4.515199269657177,4.515199269657177,5.400434327917393,2.962712690328895,35.93100515778181,35.93100515778181,0.6866455078125,8.147772058864405,0.5503311809303664,0.6103515625,0.0762939453125,16384,0.6080534421970681,0.5,parameter_table,pdf,Rows 5-8 repeat settings 1-4; retained as separate runs.,table row N = filename run N,ok,servo1,0.5,3.9789146661758426,155.66168120244944,0.05954722423947582,0.19528558702140392,0.18485997296763662,0.6155392293556027,-166.92260513619607,0.9273478063122005,144.140625,0.0,22.999859643776027,9.661277559090038,2.572568082504035,0.9879788312458073,-1.0026209945828664,0.0055701166365714795,23.7060546875,76.2939453125,2.1499271896705325,1.313785853123856,0.3471780324008297,0.9944673832395582,70.33021391572288,-0.3907234106429049,22.0703125,77.9296875,6.828513808075511,5.077749546704437,1.1337486985046608,0.8441930445643709,-90.41722064794723,0.5023178924885957,37.3291015625,62.6708984375,0.4130012064942101,0.09708766675331695
petg_thin_vansh_experimental_sinusoidalYaw_4_petg_thin.bag,petg_thin,experimental_sinusoidalYaw,4,10000.0,220.65993265993265,1.0309501884570973,20.809724392845624,0.11304344661464802,ok,servo_activity,0.20993990898132325,8.18500189781189,7.975061988830567,79751,-0.9745803541737976,1.0797042488077506,1.3091559897035983,0.8741181491281842,-7.772364800637682,8.610695878498479,1.220703125,0.5769208535525129,0.7420837919085818,0.6103515625,0.0762939453125,16384,-0.6776273203702579,3.4836352019354972,4.674575128817351,4.625199871318599,-5.4041946044136555,27.78223449984351,0.5340576171875,21.323213540178507,0.49502966730282555,0.6103515625,0.0762939453125,16384,-1.1813112183933396,1.4786485726045602,2.0087578072446592,1.624688195766934,-9.420990160152797,11.79224503452833,0.3814697265625,2.0394674847427394,0.5810115008775607,0.6103515625,0.0762939453125,16384,4.30373803427149,4.30373803427149,5.2536320739561635,3.013053086300656,34.32254566191057,34.32254566191057,0.9918212890625,7.3354904096822535,0.5782755112212784,0.6103515625,0.0762939453125,16384,0.48828125,0.5,parameter_table,pdf,Rows 5-8 repeat settings 1-4; retained as separate runs.,table row N = filename run N,ok,servo1,0.5,3.9875309944152835,200.0,0.16398097145980245,0.22787035423420546,0.1823517628688905,0.4459763328167465,48.139702835687835,-0.2674427935315991,144.140625,0.0,24.10982605507011,11.37643668525571,2.36957358329549,0.9482284643708582,23.046541602671283,-0.1280363422370627,6.8115234375,93.1884765625,1.9023341340096869,0.8306215791134399,0.420203314778491,0.9779737116231413,103.35520508617357,-0.5741955838120754,23.7060546875,76.2939453125,4.26953757407686,5.787577437676763,1.7605373444531633,0.7527646852832268,-86.05435481705341,0.47807974898363004,98.3642578125,1.6357421875,0.25674618744796907,0.08867700276053037
petg_thin_vansh_experimental_sinusoidalYaw_5_petg_thin.bag,petg_thin,experimental_sinusoidalYaw,5,10000.0,182.57537108779871,0.9516914229032118,20.815559421037875,0.12051303136733037,ok,servo_activity,0.20084757804870607,8.202800083160401,8.001952505111696,54202,-0.5122301203251145,1.3952427354356858,1.6882461955399202,1.6086626497145797,-2.7764176130857736,7.562422728374993,0.152587890625,3.1955742139072347,0.46539685530420455,0.6103515625,0.0762939453125,16384,0.19531424048040724,2.1096510267830886,2.538853831078068,2.531329911932726,1.058489228151344,11.434529957266413,0.152587890625,7.685551195705893,0.4502143274816484,0.6103515625,0.0762939453125,16384,-1.1349282451161344,1.3324388151685336,1.7433897413788246,1.323384172786775,-6.151340116093531,7.2218869078915455,1.068115234375,1.9644771580791827,0.5095679877171567,0.6103515625,0.0762939453125,16384,3.1202729349192637,3.1202729349192637,3.512173370248075,1.612221633116876,16.912208720374736,16.912208720374736,0.9918212890625,2.9362663429765283,0.5064215779916044,0.6103515625,0.0762939453125,16384,0.6240369128977495,0.5,parameter_table,pdf,Rows 5-8 repeat settings 1-4; retained as separate runs.,table row N = filename run N,ok,servo1,0.5,4.000976252555848,182.57537108779871,3.044667208019484,1.9812607713545036,0.12376578008651536,0.7193869294407408,56.47475623605335,-0.31374864575585193,69.482421875,30.517578125,8.56193965322406,4.258953473722847,0.470517489532421,0.6540846488345596,38.45200544324786,-0.21362225246248814,69.482421875,30.517578125,0.9243830325017609,1.8871073202058055,0.8478031965597748,0.12469134361570171,172.57289637026867,-0.9587383131681594,113.623046875,0.0,1.3116643322639339,3.2098014243739676,1.0951629464511279,0.2812607463042163,-70.27364806893362,0.39040915593852016,98.3642578125,1.6357421875,0.32873285956092996,0.045320842511429295
petg_thin_vansh_experimental_sinusoidalYaw_6_petg_thin.bag,petg_thin,experimental_sinusoidalYaw,6,10000.0,187.67300550360196,1.0034069359842248,20.807556455133547,0.15985272130530156,ok,servo_activity,0.3640751361846924,8.103388833999634,7.739313697814942,77393,-0.5577721182078091,1.2567739001314504,1.6442236658732454,1.5467261320504115,-4.316572533311751,9.726357024153387,0.2288818359375,2.714411467487561,0.4738202880188524,0.6103515625,0.0762939453125,16384,0.23216012541600223,1.9956787706286438,2.3403412573722315,2.3287977321196154,1.7968576600373762,15.445055908120953,0.457763671875,6.422176531138272,0.46099369839492904,0.6103515625,0.0762939453125,16384,-0.8914040962476636,1.1563861243513391,1.5621421605246495,1.2828432744811447,-6.898809060045496,8.94947608012695,0.91552734375,1.820804868205465,0.5370470673620121,0.6103515625,0.0762939453125,16384,2.8826714189044136,2.8826714189044136,3.2589809441088957,1.5202507308653148,22.309595925161368,22.309595925161368,0.9918212890625,2.355233357304734,0.5310324918296975,0.6103515625,0.0762939453125,16384,0.18327441943711129,0.5,parameter_table,pdf,Rows 5-8 repeat settings 1-4; retained as separate runs.,table row N = filename run N,ok,servo1,0.5,3.869656848907471,187.67300550360196,2.881061921590864,1.4505363106155507,0.16303228385860116,0.977206215076771,41.16372330029142,-0.22868735166828566,54.2236328125,45.7763671875,7.700096724393009,3.6343353173950343,0.4911616069318099,0.9993058335029603,27.941008397232764,-0.1552278244290709,8.447265625,91.552734375,1.0993802143002458,1.5153777493895288,0.673853973126449,0.27406167357847994,86.79287954483111,-0.48218266413795063,83.10546875,16.89453125,1.029921355391327,2.398343645434216,1.0674299327375307,0.5440411486592777,-80.07527400750638,0.44486263337503545,98.3642578125,1.6357421875,0.34599422109619565,0.06476967302417358
petg_thin_vansh_experimental_sinusoidalYaw_7_petg_thin.bag,petg_thin,experimental_sinusoidalYaw,7,10000.0,157.04298337576756,0.9722964493941529,20.818090671749207,0.11899530318488759,ok,servo_activity,0.26143593788146974,8.001792001724244,7.740356063842774,77403,-0.6391735760711784,1.0158154752724755,1.3586550853331538,1.1989165027448827,-4.947472614887483,7.862639139227803,0.6103515625,1.575475860472111,0.5329244312920398,0.6103515625,0.0762939453125,16384,0.9122795564349191,2.23382000646167,2.7005183561217634,2.541760296066783,7.061152576673846,17.290272122015907,0.457763671875,7.807412761705387,0.4609356325589832,0.6103515625,0.0762939453125,16384,-0.7845954966464932,1.369899623577948,1.7842472469129471,1.6024818703369077,-6.0728734448116946,10.603258685730399,1.220703125,2.018385076989383,0.5416529855932499,0.6103515625,0.0762939453125,16384,3.1318593852680876,3.1318593852680876,3.5103107085796075,1.5854772346763168,24.241256751285178,24.241256751285178,0.91552734375,2.746852525911905,0.5820778273851349,0.6103515625,0.0762939453125,16384,0.536768009585143,0.5,parameter_table,pdf,Rows 5-8 repeat settings 1-4; retained as separate runs.,table row N = filename run N,ok,servo1,0.5,3.870178031921387,157.04298337576756,1.5844244098673417,0.846550329049981,0.17785560940874226,0.9771426196377884,53.03774118543304,-0.29465411769685024,22.0703125,77.9296875,9.591678726138849,4.299234539777443,0.6527702417546867,0.9955158344854178,37.53412612126614,-0.208522922895923,8.447265625,91.552734375,0.6794043186936284,1.519474881904664,1.2790384587286905,0.6588972038606274,166.22709546417263,-0.9234838636898479,144.140625,0.0,1.207237420206184,1.9867068424369745,1.1664371948583234,0.8094242982448474,-27.748661040006027,0.15415922800003348,83.10546875,16.89453125,0.3454567784681052,0.09203908335400858
petg_thin_vansh_experimental_sinusoidalYaw_8_petg_thin.bag,petg_thin,experimental_sinusoidalYaw,8,10000.0,232.70661340434975,0.990917626289185,20.823568545484335,0.10900841513460396,ok,servo_activity,0.2077939033508301,8.20666961669922,7.998875713348389,79989,-0.7518107816262226,1.2183702170173183,1.5839372046930342,1.3941440445812443,-6.013763968110908,9.74551682193891,0.3814697265625,2.0611905943271616,0.5260230599930048,0.6103515625,0.0762939453125,16384,0.3474313242192755,2.2961723063192667,2.8629418143002163,2.841782417255032,2.7787318185409173,18.366516060260537,0.6103515625,9.413995946080384,0.44608427277579565,0.6103515625,0.0762939453125,16384,-1.1024535641354094,1.2090312261699439,1.633775290078706,1.2057436864428905,-8.818184098519321,9.670688159367359,1.1444091796875,1.7986859140664517,0.5269766385194721,0.6103515625,0.0762939453125,16384,3.1454023262446587,3.1454023262446587,3.6571183463146437,1.865732779635349,25.159336289948598,25.159336289948598,1.220703125,4.578564559776299,0.5263320133280456,0.6103515625,0.0762939453125,16384,0.48828125,0.5,parameter_table,pdf,Rows 5-8 repeat settings 1-4; retained as separate runs.,table row N = filename run N,ok,servo1,0.5,3.9994378566741946,200.0,1.8437180211632873,1.1874136188055913,0.37439305079989604,0.9727882396865868,56.74250603739971,-0.3152361446522206,23.7060546875,76.2939453125,11.701791591377036,6.2402096311618225,0.4423449251999917,0.9954393557110348,43.04566931192148,-0.23914260728845269,22.0703125,77.9296875,0.6263242020455574,1.4326899957554868,0.9906551657269997,0.628285694479184,124.85257330340237,-0.6936254072411242,128.8818359375,0.0,2.361983710072575,2.890920245820541,2.320111119213903,0.7747395985294471,-41.196119134635836,0.22886732852575464,144.140625,0.0,0.19456281552903898,0.08414615345219577
stripe_flipper_vansh_rollAmpAndFrequency_1_stripe_flipper.bag,stripe_flipper,rollAmpAndFrequency,1,10000.0,214.56435440965828,0.9721601114004663,20.8243956447697,0.10506954690871102,ok,servo_activity,0.2,8.468387413024903,8.268387413024904,82684,0.9003868290384858,1.3094281557109977,1.574898610752938,1.2921335814247517,7.444559685011932,10.826676990470931,0.5340576171875,1.7768216851771719,0.46543259389276426,0.6103515625,0.0762939453125,16384,0.47902626921954056,0.7083663367633295,0.9037765986511549,0.7663850035504731,3.960683093063336,5.8569585075424,0.457763671875,0.562996559010972,0.5079864035025408,0.6103515625,0.0762939453125,16384,-0.6710362342186862,0.7251880704135334,0.9061360615376834,0.6089276922464842,-5.548272617333535,5.99602165972701,0.457763671875,0.33067400574383266,0.529698199225813,0.6103515625,0.0762939453125,16384,1.7412750172249973,1.7412750172249973,2.0293349492974317,1.0421907938703423,14.397303027970944,14.397303027970944,0.6866455078125,1.1472350543487324,0.5207678126979544,0.6103515625,0.0762939453125,16384,0.48828125,0.5,parameter_table,pdf,,table row N = filename run N,ok,servo1,0.5,4.134193706512452,200.0,2.1899186750320645,0.9223970900142588,0.033615821456836344,0.9969585841981918,79.828769244086,-0.4434931624671445,6.8115234375,93.1884765625,0.6355161912678324,0.2857032549014516,0.07371702129019539,0.9936458256886841,74.0437493782411,-0.4113541632124506,8.447265625,91.552734375,0.32131026200264867,0.1923104626478834,0.04651651139496133,0.9868857110304446,-82.7666839479963,0.45981491082220166,8.447265625,91.552734375,1.0394306786555414,0.7718376735839844,0.21765950937445044,0.987949005541489,77.31960672800402,-0.4295533707111335,37.3291015625,62.6708984375,0.1382412703461173,0.16876889974641185
stripe_flipper_vansh_rollAmpAndFrequency_2_stripe_flipper.bag,stripe_flipper,rollAmpAndFrequency,2,10000.0,211.02354598510766,0.991902914019616,20.831273451487856,0.10963732866421179,ok,servo_activity,0.2,8.260520267486573,8.060520267486574,52384,1.5090149118975813,1.9012376669826552,2.198420477833626,1.5987265535509698,7.904452957905845,9.959072638143496,0.762939453125,3.255521692671525,0.507179108629557,0.6103515625,0.0762939453125,16384,0.8453064201916589,1.200633419267425,1.5140056504017687,1.2560534086698882,4.427711536582285,6.289056488540776,0.8392333984375,1.7262522670008702,0.5670975978386409,0.6103515625,0.0762939453125,16384,-1.25093022341049,1.378241169564932,1.703689857235266,1.1566039537389203,-6.552613010568402,7.21951867090383,0.762939453125,1.563414823926444,0.5307005095012521,0.6103515625,0.0762939453125,16384,2.793100691725504,2.793100691725504,3.1666740969750946,1.492117073937411,14.630807763339718,14.630807763339718,0.762939453125,2.511200824702636,0.5302033624273826,0.6103515625,0.0762939453125,16384,0.78125,0.75,parameter_table,pdf,,table row N = filename run N,ok,servo1,0.75,6.04539020061493,200.0,3.405635755118357,0.6426510531133305,0.034633967251792276,0.7226739646807351,63.36302763223942,-0.23467788011940527,1.7252604166666667,98.27473958333333,1.3481661690576152,0.4628330535138767,0.1943975624550395,0.6768674358908764,53.098638862786245,-0.19666162541772683,11.897786458333334,88.10221354166667,1.5909133262825221,0.1636007869010724,0.021232490557164117,0.7119835273755634,-102.34885619649116,0.3790698377647821,1.7252604166666667,98.27473958333333,2.6366890076855984,0.31819401473818115,0.062754536668797,0.7009126201558504,62.554539861973254,-0.2316834809702713,1.7252604166666667,98.27473958333333,0.24318964129058968,0.21049042234040186
stripe_flipper_vansh_rollAmpAndFrequency_3_stripe_flipper.bag,stripe_flipper,rollAmpAndFrequency,3,10000.0,392.21095941649526,1.0620580321091813,20.829876837504965,0.10596080840129256,ok,servo_activity,0.2745258331298828,8.655164051055909,8.380638217926027,83806,1.875788961555813,2.1662204553400874,2.579235559020086,1.770274509961384,15.720152281210062,18.15408961429287,0.91552734375,4.070164878807826,0.5809295032488363,0.6103515625,0.0762939453125,16384,1.263916839967301,1.6720209890166036,2.1377930060510923,1.7241441814326428,10.592207588111641,14.012365219634226,0.9918212890625,4.027024672122647,0.5766109383952812,0.6103515625,0.0762939453125,16384,-1.8452024923186676,2.0275168893895685,2.533890168731294,1.7366137018732979,-15.463645956529113,16.991549992621504,0.9918212890625,3.9509155165079926,0.5321853357970568,0.6103515625,0.0762939453125,16384,3.588175480478928,3.588175480478928,4.200382648381898,2.1836233910904923,30.07067850230328,30.07067850230328,0.9918212890625,6.258507143038316,0.5275392037029571,0.6103515625,0.0762939453125,16384,0.9765625,1,parameter_table,pdf,,table row N = filename run N,ok,servo1,1,8.380638217926027,200.0,3.4535974433375562,0.24722918781572528,0.07056077381211849,0.9879904517271575,35.10303832880277,-0.09750843980222991,8.447265625,91.552734375,3.046739311658858,0.9635012206990504,0.044402324616374174,0.9989745300954163,19.230491592261266,-0.05341803220072574,0.81787109375,99.18212890625,3.893927573548708,0.0477396217181581,0.06808131096043382,0.9978849155285769,-140.5812058875687,0.39050334968769085,0.81787109375,99.18212890625,6.125709930920462,0.08506365673562981,0.034254574424237454,0.9980690501863411,32.74384599455083,-0.0909551277626412,0.81787109375,99.18212890625,0.3679546880250068,0.24897791046484732
stripe_flipper_vansh_rollAmpAndFrequency_4_stripe_flipper.bag,stripe_flipper,rollAmpAndFrequency,4,10000.0,215.94521958502807,0.974621187461364,20.82573982125124,0.10470424923359001,ok,servo_activity,0.2,8.420061159133912,8.220061159133913,82200,2.030014660137627,2.3636847853947067,2.8034639232329566,1.933507292071854,16.68647805161175,19.429246481224943,0.9918212890625,4.936184160203759,0.6148982402912794,0.6103515625,0.0762939453125,16384,1.5261802507696858,1.9055502367375017,2.601187393188492,2.1064068212582585,12.544992230489182,15.663378220468807,1.068115234375,4.975253533903917,0.5769447936003126,0.6103515625,0.0762939453125,16384,-2.2695826850949827,2.472782626460034,3.004429586749365,1.9686522235407675,-18.65578812439631,20.326091642417033,0.9918212890625,5.380429461975363,0.5342685848159839,0.6103515625,0.0762939453125,16384,4.194650228794238,4.194650228794238,4.863351001633177,2.461116092987666,34.47962737754301,34.47962737754301,0.9918212890625,7.8409094463373705,0.5223967011522294,0.6103515625,0.0762939453125,16384,0.9765625,1,parameter_table,pdf,,table row N = filename run N,ok,servo1,1,8.220061159133913,200.0,3.7690478365091726,0.25604523112131256,0.49967692282853243,0.9957364188888801,45.600799029011306,-0.12666888619169808,0.81787109375,99.18212890625,3.7651282229386127,1.284392554373108,0.09191133790715483,0.998156522387865,11.128490396026526,-0.030912473322295908,6.8115234375,93.1884765625,5.165797136606225,0.18561332824642124,0.03343936758468308,0.9978770394603685,-136.9645932944529,0.3804572035957025,0.81787109375,99.18212890625,7.88844563267044,0.20476644299921795,0.12046796569831593,0.9990793013077369,37.69131860909873,-0.10469810724749648,0.81787109375,99.18212890625,0.5073818589726077,0.2535548088909828
stripe_flipper_vansh_rollAmpAndFrequency_5_stripe_flipper.bag,stripe_flipper,rollAmpAndFrequency,5,10000.0,180.97618225750776,0.9709960489557496,20.825377910512977,0.10801288727633608,ok,servo_activity,0.2,8.340622711181641,8.140622711181642,55477,1.7399153238520886,2.1000151172160892,2.451145771997211,1.7265023201271659,9.652367560254714,11.650093183900179,0.762939453125,3.7680942550329948,0.5264852751102107,0.6103515625,0.0762939453125,16384,1.1703153590653879,1.564060003584138,2.129108317268127,1.7786129952847995,6.492441190786366,8.67670329933587,0.762939453125,3.555989247419999,0.5343911331311996,0.6103515625,0.0762939453125,16384,-1.9578724489384574,2.1303490709581085,2.7593936285664755,1.944476451660186,-10.861599174759451,11.818447730737875,0.762939453125,4.863926341707055,0.4921871849005032,0.6103515625,0.0762939453125,16384,3.6576910121453388,3.6576910121453388,4.2609237284435615,2.1855817256018097,20.29147565108176,20.29147565108176,0.762939453125,5.993312279462178,0.48266150992914125,0.6103515625,0.0762939453125,16384,0.7953054884363134,0.75,parameter_table,pdf,,table row N = filename run N,ok,servo1,0.75,6.1054670333862315,180.97618225750776,3.657222216918634,0.6403809762409213,0.06478578543521125,0.7467118096026374,69.14060897488649,-0.25607632953661663,1.7252604166666667,98.27473958333333,2.921229531539393,1.3139278603031967,0.19649219340791996,0.7249187877816121,33.21613725662171,-0.1230227305800804,1.7252604166666667,98.27473958333333,5.175126838532834,0.6347244674925393,0.08930458954461544,0.7150894173829541,-109.4202627955509,0.40526023257611443,1.7252604166666667,98.27473958333333,6.500942941166062,0.6759117615718562,0.08403154269238916,0.7309081541360744,58.67101880439708,-0.2173000696459151,1.7252604166666667,98.27473958333333,0.34374721830923377,0.22002453048742732
stripe_flipper_vansh_rollAmpAndFrequency_6_stripe_flipper.bag,stripe_flipper,rollAmpAndFrequency,6,10000.0,180.74222183917954,0.9710721810782924,20.83122172170432,0.10901647526743415,ok,servo_activity,0.2,8.380233097076417,8.180233097076417,55066,1.083023326652654,1.549022888057795,1.8728247116454524,1.5279178232078097,5.963626968714419,8.529700153547969,0.3814697265625,2.821941339816815,0.44680843455637637,0.6103515625,0.0762939453125,16384,0.5652512065435148,0.8428235017702446,1.1799940768126627,1.0357978059515613,3.1124748652322234,4.640954466127733,0.5340576171875,1.2760281315910877,0.480496288229661,0.6103515625,0.0762939453125,16384,-1.01626706132433,1.1167647586226326,1.465414268879487,1.0557652388210226,-5.596056930650889,6.149457550593721,0.5340576171875,1.0274055766459467,0.49238612040665314,0.6103515625,0.0762939453125,16384,2.231068844907075,2.231068844907075,2.6546746319084833,1.4386205929929727,12.285367734418877,12.285367734418877,0.152587890625,2.0721344458866215,0.49059484942537296,0.6103515625,0.0762939453125,16384,0.6177712660518832,0.5,parameter_table,pdf,,table row N = filename run N,ok,servo1,0.5,4.090116548538209,180.74222183917954,3.4267562223290016,1.19696484897367,0.035982183485246226,0.6307416895781665,82.58972922507697,-0.45883182902820535,23.7060546875,76.2939453125,1.436699877439391,0.8667198736497874,0.17579637784883032,0.559249157542348,57.23556997842162,-0.31797538876900905,6.8115234375,93.1884765625,1.1883216292241456,0.5455013591753564,0.11369743549979067,0.5977261459930585,-85.51071695482928,0.4750595386379404,6.8115234375,93.1884765625,1.9998689253725341,1.278478608951245,0.2507311676503979,0.4901071103098835,78.55633619971785,-0.43642408999843246,69.482421875,30.517578125,0.16424633789987472,0.16926261984047888
stripe_flipper_vansh_rollAmpAndFrequency_7_stripe_flipper.bag,stripe_flipper,rollAmpAndFrequency,7,10000.0,503.0951181480149,0.9823485022239079,20.83034235469108,0.10649366218981048,ok,servo_activity,0.2,5.060709285736084,4.860709285736084,48607,1.277373525965596,1.9188261776063131,2.252110620065136,1.8548097261369942,6.208915786089281,9.326493429047426,0.152587890625,3.413307879647772,0.5235205577232808,1.220703125,0.0762939453125,8192,0.771106117183115,1.1248859940903433,1.6008353682918945,1.4028789086792295,3.7480435413277395,5.467661389010704,1.220703125,1.5721818351767074,0.5637911861953282,1.220703125,0.0762939453125,8192,-1.190523383377473,1.3580797295872884,1.8389641902630969,1.4015860183026447,-5.786506354928382,6.60094748695043,0.152587890625,1.471589260550274,0.5692555715511946,1.220703125,0.0762939453125,8192,2.8454918803198312,2.8454918803198312,3.3191061167812066,1.7086958106954955,13.830621252881624,13.830621252881624,0.152587890625,3.4595897887187683,0.5233872375668558,1.220703125,0.0762939453125,8192,0.68359375,0.5,parameter_table,pdf,,table row N = filename run N,ok,servo1,0.5,2.430354642868042,200.0,2.7998002489788836,1.8984653244089054,0.7930181401071899,0.879110908885271,75.5426013610958,-0.4196811186727545,69.482421875,30.517578125,0.785211708935358,0.8416514660681857,0.7353777697932669,0.577078159461921,44.27556012395016,-0.24597533402194535,144.140625,0.0,0.8779512772905407,0.7428213257906044,0.5408021076553442,0.30853696341874814,-96.62409348957324,0.536800519386518,69.482421875,30.517578125,2.64949854601329,2.1104544438140778,1.0032196444968735,0.4916344946599077,53.9333340623524,-0.29962963367973555,69.482421875,30.517578125,0.26843569705846054,0.17843537342044022
stripe_flipper_vansh_rollAmpAndFrequency_8_stripe_flipper.bag,stripe_flipper,rollAmpAndFrequency,8,10000.0,565.9565510727298,0.9940836351270752,20.825946633035084,0.12736856802824728,ok,servo_activity,0.596984577178955,5.526823806762695,4.92983922958374,49299,2.061253690776983,2.380282061492908,2.7605085777201332,1.83620282918982,10.16168624451195,11.734310910652217,0.6866455078125,3.381346409547435,0.6018395330962245,0.6103515625,0.0762939453125,16384,1.5188348933495797,1.8899227966952874,2.72316815254449,2.2602622311971556,7.4873758851630985,9.316778626889743,0.8392333984375,6.646045804973109,0.5107539759721836,0.6103515625,0.0762939453125,16384,-2.404737853336781,2.5802200582879915,3.344125837603625,2.3238789715596977,-11.854995633951251,12.720105356140223,0.762939453125,6.525863507859483,0.5031074851727733,0.6103515625,0.0762939453125,16384,4.380790732299448,4.380790732299448,5.120471659176248,2.651019157272618,21.59638882396998,21.59638882396998,0.762939453125,7.928658278562623,0.5012417023900022,0.6103515625,0.0762939453125,16384,0.78125,0.75,parameter_table,pdf,,table row N = filename run N,ok,servo1,0.75,3.697379422187805,200.0,2.785518806603996,0.4790471502018428,0.21828668109720947,0.952295269696514,61.719535380302574,-0.22859087177889842,8.447265625,91.552734375,5.5582564099791965,2.314282988546828,0.32145532393651144,0.9115903394043307,15.14246404308166,-0.056083200159561704,11.897786458333334,88.10221354166667,7.078815969288704,1.046641661417447,0.024554198571429785,0.9392804159586552,-115.05317535819941,0.4261228716970349,1.7252604166666667,98.27473958333333,8.241976037018764,1.1049358102814797,0.24433240710837775,0.9865290670549943,48.57797432002185,-0.17991842340748834,1.7252604166666667,98.27473958333333,0.4593028213868171,0.20544786650880756
stripe_flipper_vansh_rollAmpAndFrequency_9_stripe_flipper.bag,stripe_flipper,rollAmpAndFrequency,9,10000.0,272.2336600246641,0.9892425898927085,20.828842429358893,0.10492671113793549,ok,servo_activity,0.22468371391296388,8.623835134506226,8.399151420593263,83992,2.156022228241582,2.424719744586597,2.8732661501552266,1.8992699968556446,18.108701194418966,20.365545373704016,0.9918212890625,4.5519571122564235,0.635841776109629,0.6103515625,0.0762939453125,16384,1.7209363008333372,2.1622075892501327,2.905170766596146,2.340597238219106,14.453994775907443,18.160320581577786,1.068115234375,7.198604334251614,0.595121140830724,0.6103515625,0.0762939453125,16384,-2.5171185891061776,2.8056053401132997,3.406556012902884,2.2953731455737034,-21.141525832379042,23.564583751438057,0.9918212890625,6.080139936341245,0.561205078511932,0.6103515625,0.0762939453125,16384,4.688384777485006,4.688384777485006,5.319802573569574,2.5138312592543546,39.37808503016493,39.37808503016493,1.1444091796875,8.566923424702622,0.5637719457103088,0.6103515625,0.0762939453125,16384,0.9765625,1,parameter_table,pdf,,table row N = filename run N,ok,servo1,1,8.399151420593263,200.0,3.4280130019345503,0.5539725439920036,0.6357814880813076,0.9857856647535024,38.17918447498917,-0.10605329020830326,0.81787109375,99.18212890625,4.746718026608068,1.9253452773309676,0.09432580241084468,0.9957022654044703,0.8081512881798683,-0.002244864689388523,6.8115234375,93.1884765625,5.828788684618929,0.24358236016231272,0.12008994584463334,0.9957106149558017,-143.56407989990495,0.3987891108330693,0.81787109375,99.18212890625,6.9126920496474416,0.6529528759894924,0.10277033422778838,0.9947539547276346,32.552318263435524,-0.0904231062873209,14.44091796875,85.55908203125,0.650936081199051,0.24611713009611286
stripe_flipper_vansh_rollAmpAndFrequency_10_stripe_flipper.bag,stripe_flipper,rollAmpAndFrequency,10,10000.0,158.64079579409207,0.9585717391799178,20.82760127518845,0.10672658250884465,ok,servo_activity,0.3477985382080078,8.60812168121338,8.260323143005373,82604,1.7731950154375422,2.2805176118927015,2.6877597426275184,2.0198593691929645,14.647110738095575,18.837798313853774,0.762939453125,4.336457698209929,0.6387027776838459,0.6103515625,0.0762939453125,16384,1.4133272996824033,1.7451318393070252,2.3830829977100745,1.9187471219385008,11.674490824993224,14.415318097428592,0.30517578125,3.3626775042911388,0.5090184946032797,0.6103515625,0.0762939453125,16384,-1.0073766313652297,1.2639107268287093,1.76075823272044,1.4441128337744418,-8.32115385538275,10.440228097549276,0.6103515625,2.1253635050267605,0.5453211572322904,0.6103515625,0.0762939453125,16384,3.430502634312705,3.430502634312705,4.000425797606648,2.057925712490704,28.336993814667323,28.336993814667323,0.6866455078125,4.4085672257099136,0.5328686589284461,0.6103515625,0.0762939453125,16384,0.6196906085706722,0.5,parameter_table,pdf,,table row N = filename run N,ok,servo1,0.5,4.130161571502686,158.64079579409207,2.7977344038470218,2.175264565663895,0.8363946378068274,0.9371322992595689,66.45618251143463,-0.36920101395241467,52.587890625,47.412109375,3.415643197857223,1.8328949201559097,0.24081375569117758,0.9938150457722261,20.21544160090829,-0.11230800889393494,38.96484375,61.03515625,2.208779080380913,1.0168906060947445,0.26293098756345046,0.9860116114610483,-103.8275941975153,0.5768199677639738,22.0703125,77.9296875,4.217990903268637,2.09831272992698,0.3649081272711788,0.9824142566990007,28.579700228006306,-0.1587761123778128,37.3291015625,62.6708984375,0.33406751631527837,0.17538493682613393
stripe_flipper_vansh_rollAmpAndFrequency_11_stripe_flipper.bag,stripe_flipper,rollAmpAndFrequency,11,10000.0,195.74854155971437,0.9523056476347355,20.828273548669028,0.11389658005000312,ok,servo_activity,0.2837883949279785,8.744340705871583,8.460552310943605,84606,1.8422581156174511,2.3479815215614863,2.7336177138214577,2.0195917510130825,15.586659929462105,19.86498931701359,0.762939453125,4.329487889739487,0.646344356643781,0.6103515625,0.0762939453125,16384,1.2050865450627064,2.0553122825191186,3.0425307034043527,2.793699966006911,10.19579033122314,17.388685912267213,0.762939453125,5.596720752246239,0.5264828399986764,0.6103515625,0.0762939453125,16384,-1.354631168248564,1.6070514512470488,2.158067879326896,1.6799498116884382,-11.460686910316454,13.596313956653432,0.6866455078125,2.574827073997249,0.6448066354185058,0.6103515625,0.0762939453125,16384,3.875422926329666,3.875422926329666,4.624598994319305,2.5234922231577284,32.78772871826837,32.78772871826837,0.8392333984375,5.191012549133974,0.5808904327186128,0.6103515625,0.0762939453125,16384,0.7646427404676343,0.75,parameter_table,pdf,,table row N = filename run N,ok,servo1,0.75,6.345414233207704,195.74854155971437,3.2171608327495336,0.8910846649195292,0.28750408943448863,0.9871669394832483,27.629239539297355,-0.10233051681221242,1.7252604166666667,98.27473958333333,5.779807329080335,1.0504225273743537,0.45671857558944673,0.948207134903039,4.985834981471021,-0.01846605548692971,1.7252604166666667,98.27473958333333,1.7848060929301386,0.6607948304497314,0.1081683465002057,0.97949714873957,-124.95979100860785,0.46281404077262167,8.447265625,91.552734375,4.891871564843561,0.646921286942653,0.12719509213655877,0.9392448491978823,29.518156363870787,-0.10932650505137329,11.897786458333334,88.10221354166667,0.6265182831297194,0.2076540850599051
stripe_flipper_vansh_rollAmpAndFrequency_12_stripe_flipper.bag,stripe_flipper,rollAmpAndFrequency,12,10000.0,254.1232353832172,0.9679437490854554,20.829359620589475,0.10850273945125632,ok,servo_activity,0.2010042190551758,8.679240036010743,8.478235816955568,84782,1.7519525418658919,2.4437388630518773,2.7625134873932184,2.135917381145414,14.853229780933791,20.718332569212812,1.068115234375,5.802859367429246,0.6101345760929634,0.6103515625,0.0762939453125,16384,1.3818513581643574,1.832950621250358,2.37787580775163,1.9351434523129774,11.715641587667937,15.540033234524975,0.9918212890625,4.2557753454441,0.5874792067953876,0.6103515625,0.0762939453125,16384,-1.3538696636943872,1.687909026087902,1.9902093871212065,1.4587564355688083,-11.47840388010593,14.310345390154087,1.068115234375,2.6208521378514287,0.6697818310587094,0.6103515625,0.0762939453125,16384,3.7556566495843233,3.7556566495843233,4.1529155456986215,1.7724984231694914,31.84098019276557,31.84098019276557,0.9918212890625,3.7387921218960556,0.5828591956630871,0.6103515625,0.0762939453125,16384,0.9765625,1,parameter_table,pdf,,table row N = filename run N,ok,servo1,1,8.478235816955568,200.0,4.023763376518073,0.9221696206669947,0.36151634328695315,0.9901538682395548,2.1692799092667165,-0.00602577752574088,6.8115234375,93.1884765625,3.8456772491258304,0.5649246030536433,0.09051576092765314,0.9988112167114221,2.120825783316459,-0.005891182731434609,0.81787109375,99.18212890625,1.5434540609018348,0.3734508781086365,0.2076256887017651,0.992838366242109,-168.6468076872699,0.4684633546868608,6.8115234375,93.1884765625,3.326891985693395,0.23646712522298705,0.027742532235149858,0.9920260868378494,6.152147749489137,-0.017089299304136493,0.81787109375,99.18212890625,0.8532270215770683,0.2511863535511671
stripe_flipper_vansh_experimental_sinusoidalYaw_1_stripe_flipper.bag,stripe_flipper,experimental_sinusoidalYaw,1,10000.0,210.76904522613066,0.9603228427299266,20.820880926496795,0.10631044751289703,ok,servo_activity,0.2,8.298723506927491,8.098723506927492,80987,-1.2182500810243695,1.7004361280465228,2.0276201990205265,1.6208363308983906,-9.866336356894159,13.77096588069717,0.5340576171875,2.5169493447276747,0.624521048125767,0.6103515625,0.0762939453125,16384,0.8375004180426009,1.6193302342497162,2.1705434882650096,2.002461506303706,6.782815875479551,13.114277730517898,0.457763671875,3.821728921655039,0.5576747435437249,0.6103515625,0.0762939453125,16384,-1.2937526282769494,1.4975771459997689,2.049496849289659,1.5895412772478497,-10.477476968896031,12.12819059057783,0.6103515625,2.181397114981195,0.5103654707615499,0.6103515625,0.0762939453125,16384,3.0586187480823614,3.0586187480823614,3.6087310846298752,1.9151478781162061,24.770335191254347,24.770335191254347,0.6103515625,3.2824082482633634,0.5284739954827908,0.6103515625,0.0762939453125,16384,0.48828125,0.5,parameter_table,pdf,Rows 5-8 repeat settings 1-4; retained as separate runs.,table row N = filename run N,ok,servo1,0.5,4.049361753463746,200.0,2.2890355849945183,0.9312058251832689,0.18957144526149114,0.9450623768206202,-124.44407556520605,0.6913559753622558,6.8115234375,93.1884765625,3.5607665127453867,2.0710852448993706,0.5033751704660253,0.9565993454400664,19.906770531608096,-0.11059316962004498,8.447265625,91.552734375,2.372977210948313,1.321789264470523,0.07586012600997434,0.9688207253182866,-101.1020521844316,0.5616780676912866,22.0703125,77.9296875,3.4443974225357934,1.5490555509230783,0.09119017458882403,0.9661490254599974,63.25420907231896,-0.3514122726239942,22.0703125,77.9296875,0.2778147400519388,0.046468090754520366
stripe_flipper_vansh_experimental_sinusoidalYaw_2_stripe_flipper.bag,stripe_flipper,experimental_sinusoidalYaw,2,10000.0,264.975930254596,0.9527216381081173,20.82139772242134,0.10539314807150482,ok,servo_activity,0.3365156173706055,5.188199806213379,4.851684188842773,48516,-1.2896414128091456,1.7706448564147326,2.015698538428919,1.5491499682703775,-6.256800165659594,8.59019110577318,0.91552734375,1.673576993391383,0.5689159853652715,1.220703125,0.0762939453125,8192,1.0076415875079656,1.4962370300374286,2.0299366123904408,1.7621864491158719,4.888473487944443,7.25889683586245,0.152587890625,2.9670768023122447,0.5186390545123023,1.220703125,0.0762939453125,8192,-1.5816528191435595,1.7291576326308629,2.378560372046577,1.7764919935551586,-7.673357393856893,8.388949047846484,0.152587890625,2.7051962447301636,0.5170638620940019,1.220703125,0.0762939453125,8192,3.160691242847649,3.160691242847649,3.7203807186386193,1.962463645269434,15.333942434770995,15.333942434770995,0.152587890625,4.065502512777893,0.519513019986288,1.220703125,0.0762939453125,8192,0.5859375,0.5,parameter_table,pdf,Rows 5-8 repeat settings 1-4; retained as separate runs.,table row N = filename run N,ok,servo1,0.5,2.4258420944213865,200.0,0.9938421057404433,1.2993045189618764,0.4854592193637054,0.5387059613473478,-101.41522520728897,0.563417917818272,83.10546875,16.89453125,2.398329941111286,1.6158609016131262,0.7633128551726808,0.6197509341590837,32.135407788665795,-0.17853004327036553,69.482421875,30.517578125,2.243659643714345,1.4810261979350987,0.7101014761515072,0.5123625198366576,-98.62143935092085,0.5478968852828936,69.482421875,30.517578125,3.231411006731565,2.147117164693659,1.1114434273945288,0.6265141928281612,54.12780279943019,-0.30071001555238996,69.482421875,30.517578125,0.29139502991218674,0.0565700070174978
stripe_flipper_vansh_experimental_sinusoidalYaw_3_stripe_flipper.bag,stripe_flipper,experimental_sinusoidalYaw,3,10000.0,307.70332330716747,1.0461851560694222,20.82098428362936,0.13361490583377905,ok,servo_activity,0.21519393920898439,8.49963574409485,8.284441804885866,82845,-1.8137639011916806,1.9618575959466693,2.110490360035253,1.079087610222482,-15.025978878527333,16.252861092725034,1.220703125,1.1288378417072387,0.6750858457771501,0.6103515625,0.0762939453125,16384,1.1423843092066772,2.562278859835463,3.205867565396666,2.9954206610993266,9.4637497022794,21.226866106963577,0.5340576171875,10.395920547412715,0.45429382986333827,0.6103515625,0.0762939453125,16384,-2.4967625657429107,2.5049947305183697,3.1385230186860507,1.9017106586247756,-20.68421974913437,20.752406509783896,0.8392333984375,3.690936506925984,0.5106844344083332,0.6103515625,0.0762939453125,16384,4.461131645395586,4.461131645395586,4.958032184797339,2.1634203447172147,36.95781282151363,36.95781282151363,0.8392333984375,5.398396329443651,0.5200228251034462,0.6103515625,0.0762939453125,16384,0.48828125,0.5,parameter_table,pdf,Rows 5-8 repeat settings 1-4; retained as separate runs.,table row N = filename run N,ok,servo1,0.5,4.142220902442933,200.0,0.42796546744819264,0.5480089896935145,0.3060584776466772,0.7692284556442283,-117.89036166750273,0.6549464537083485,144.140625,0.0,12.157250924041628,5.895222783737149,0.6484633927130979,0.9980707294082181,34.3600154170202,-0.1908889745390011,6.8115234375,93.1884765625,2.5718313792355105,3.040419616220335,1.0877515243873708,0.9198022808848235,-92.45107009798654,0.5136170560999253,67.8466796875,32.1533203125,2.5024301007754106,3.9650440398262257,2.356095329333396,0.8817666149104638,50.45260693193737,-0.28029226073298535,67.8466796875,32.1533203125,0.3406298920663595,0.08694095505955432
stripe_flipper_vansh_experimental_sinusoidalYaw_4_stripe_flipper.bag,stripe_flipper,experimental_sinusoidalYaw,4,10000.0,355.23875666977216,1.0462722940542308,20.830756165213568,0.10640616953147151,ok,servo_activity,0.27512831687927247,8.735641765594483,8.460513448715211,84605,-1.8466902632937117,2.0019102209363453,2.2160721056858783,1.2250349582992497,-15.623921837592881,16.93681554476065,0.6866455078125,1.1008648732905513,0.6830050664981534,0.6103515625,0.0762939453125,16384,0.41736199202823104,3.0813669690685224,3.774564819457323,3.751419537174578,3.5309598132571303,26.069427717154134,0.30517578125,18.405087577294267,0.44731885151914513,0.6103515625,0.0762939453125,16384,-3.0003392969962275,3.009514795283556,3.6376180338071213,2.0567520664336216,-25.38395861628756,25.46158791954751,1.068115234375,3.935777835944532,0.5204472126183242,0.6103515625,0.0762939453125,16384,5.1551086491535125,5.1551086491535125,5.691272275490141,2.4115212893908633,43.61406775910563,43.61406775910563,0.8392333984375,6.599416116798791,0.5158266102105151,0.6103515625,0.0762939453125,16384,0.48828125,0.5,parameter_table,pdf,Rows 5-8 repeat settings 1-4; retained as separate runs.,table row N = filename run N,ok,servo1,0.5,4.230256724357606,200.0,0.5621444364088083,0.5811804601434138,0.2596740086286745,0.5283007241821055,179.80314564579461,-0.998906364698859,37.3291015625,62.6708984375,21.150154561117898,9.495798877514147,0.889609333277236,0.9914187157146838,29.982657670621624,-0.16657032039234235,38.96484375,61.03515625,2.459416661626826,3.2550090988322116,1.5777995706423007,0.8312631948563942,-141.253853924013,0.7847436329111832,113.623046875,0.0,3.062972822345892,5.065819767849322,3.2517389323033488,0.6602952806861527,14.992075257677797,-0.08328930698709888,67.8466796875,32.1533203125,0.3385350515620091,0.08063250121947671
stripe_flipper_vansh_experimental_sinusoidalYaw_5_stripe_flipper.bag,stripe_flipper,experimental_sinusoidalYaw,5,10000.0,225.4759703257714,0.9597618379363024,20.827084171272226,0.1044124652662824,ok,servo_activity,0.36588568687438966,8.802968788146973,8.437083101272584,84371,-0.056618459493525716,1.9234969427948037,2.229497859083728,2.2287788256584604,-0.47766134740736677,16.22845997841398,0.457763671875,4.637770442285007,0.48106729239197993,0.6103515625,0.0762939453125,16384,0.26870459649570244,1.3991144405895917,1.943694390765156,1.925031356761238,2.2671437145777493,11.804309343358534,0.5340576171875,4.066947689083102,0.5555851783725966,0.6103515625,0.0762939453125,16384,-0.5013561957451327,1.0273702308312116,1.3146905893799705,1.2153408208367817,-4.229828303451951,8.667861318876707,0.3814697265625,1.402296160445134,0.5070626348745958,0.6103515625,0.0762939453125,16384,2.8919083194953803,2.8919083194953803,3.2368225058157134,1.4539209764593521,24.398934644264788,24.398934644264788,1.6021728515625,2.1794042820447883,0.5716265716588355,0.6103515625,0.0762939453125,16384,0.48828125,0.5,parameter_table,pdf,Rows 5-8 repeat settings 1-4; retained as separate runs.,table row N = filename run N,ok,servo1,0.5,4.218541550636292,200.0,5.624845216987233,2.506266280909491,0.6843752586933914,0.9276553798015328,-114.99364719616699,0.638853595534261,8.447265625,91.552734375,3.419869537422041,2.1918212443525924,0.6576109112594473,0.9691815483204332,9.662093066180727,-0.053678294812115154,6.8115234375,93.1884765625,1.374400042127237,0.6892390522614481,0.19527576122660995,0.9068791743397363,-111.23609659476352,0.6179783144153529,23.7060546875,76.2939453125,0.15058695940620026,0.9607537416240125,1.5348787041911895,0.4549324270592004,28.59199911817555,-0.15884443954541974,220.4345703125,0.0,0.30420274532978847,0.04507007265488485
stripe_flipper_vansh_experimental_sinusoidalYaw_6_stripe_flipper.bag,stripe_flipper,experimental_sinusoidalYaw,6,10000.0,223.37455397560845,0.9643295752468505,20.833912011166248,0.11393634042198746,ok,servo_activity,0.2,8.500124502182008,8.300124502182008,83001,-0.27273094768643996,1.9712161329656712,2.2564078748082705,2.2398648012035975,-2.2634983619766706,16.361095248312818,0.6103515625,5.6613693743896185,0.4752081076739896,0.6103515625,0.0762939453125,16384,0.43196637158152,1.6695495560726221,2.3389002339648894,2.298664690263395,3.5852796738067436,13.85734386340134,0.5340576171875,6.644504945103379,0.5424372270723796,0.6103515625,0.0762939453125,16384,-0.6623471949168562,1.2711544140292048,1.6408939971938152,1.5012758918374958,-5.497430887816457,10.550591687170861,0.5340576171875,2.3932508977935023,0.5121222414753399,0.6103515625,0.0762939453125,16384,3.2774003404563747,3.2774003404563747,3.6406543247010537,1.5852479050107346,27.202493138034427,27.202493138034427,1.6021728515625,3.136770336529967,0.5663129611780344,0.6103515625,0.0762939453125,16384,0.48828125,0.5,parameter_table,pdf,Rows 5-8 repeat settings 1-4; retained as separate runs.,table row N = filename run N,ok,servo1,0.5,4.150062251091004,200.0,7.592815345499204,2.9950619346165857,0.6940479976661987,0.9748680968826455,-115.44814157488948,0.6413785643049416,22.0703125,77.9296875,5.6846580854300175,3.8627019524279134,0.8762269168233794,0.9872213945921894,8.849376975940501,-0.049163205421891676,6.8115234375,93.1884765625,2.332902703224881,1.7080433005521236,0.3342837473485466,0.9426247007597185,-112.35171532248316,0.6241761962360176,6.8115234375,93.1884765625,0.19410366026201856,0.9813151777382065,2.6748616353381274,0.4180843674737873,20.86233914986281,-0.1159018841659045,220.4345703125,0.0,0.28912284579754743,0.059202943665108206
stripe_flipper_vansh_experimental_sinusoidalYaw_7_stripe_flipper.bag,stripe_flipper,experimental_sinusoidalYaw,7,10000.0,250.4660217365341,0.9917493137414893,20.827963263208336,0.10561375501263463,ok,servo_activity,0.20225043296813966,8.615800905227662,8.413550472259523,84136,-0.3172872048304016,1.9244212029120455,2.267807363795711,2.2455019636902933,-2.669600823460959,16.191006724980156,0.6103515625,5.480544856576911,0.4951988818145559,0.6103515625,0.0762939453125,16384,0.44585826445221693,1.9330768432766017,2.7599198221762644,2.723668084194754,3.751399591856591,16.263953857870057,0.3814697265625,8.107091495673071,0.532566419238248,0.6103515625,0.0762939453125,16384,-0.8388776387259677,1.6011718274198852,2.0897128136927727,1.9139446049865994,-7.057778112676862,13.471416498672008,0.5340576171875,4.081400977339199,0.48717021838485575,0.6103515625,0.0762939453125,16384,3.6617662334554364,3.6617662334554364,4.138478864007799,1.9283348670199547,30.808185769655235,30.808185769655235,1.6021728515625,4.377203768455132,0.5528543065561359,0.6103515625,0.0762939453125,16384,0.48828125,0.5,parameter_table,pdf,Rows 5-8 repeat settings 1-4; retained as separate runs.,table row N = filename run N,ok,servo1,0.5,4.2067752361297615,200.0,6.261140610458056,3.1387042035895725,0.857122890737139,0.9480188104857776,-113.25213734485295,0.6291785408047387,22.0703125,77.9296875,6.437067872292544,3.977139822860326,1.7211581131929148,0.9668960908404429,6.09697657501435,-0.033872092083413054,23.7060546875,76.2939453125,4.630407190106599,2.711609824142122,0.6578739121318891,0.9420702735393647,-111.8226703129793,0.6212370572943294,6.8115234375,93.1884765625,0.5289503246163814,1.1364276756022267,3.766042861620522,0.3130494391048975,27.22479543943319,-0.15124886355240663,220.4345703125,0.0,0.2881150858861635,0.09287065587178527
stripe_flipper_vansh_experimental_sinusoidalYaw_8_stripe_flipper.bag,stripe_flipper,experimental_sinusoidalYaw,8,10000.0,121.68336766369781,0.9317616026174138,20.830083731463365,0.10725342452864865,ok,servo_activity,0.2,8.46481113433838,8.26481113433838,82648,-0.4082363203449202,1.7095578693812352,2.1289962963143916,2.0894899704166177,-3.373855798643252,14.129018137118587,0.9918212890625,4.6143500133060895,0.5748775403563701,0.6103515625,0.0762939453125,16384,0.8128702716034222,1.5938725471014057,2.3203508829334387,2.173308570238788,6.718098637676296,13.172926244212029,0.5340576171875,4.676014946540242,0.5144082844790261,0.6103515625,0.0762939453125,16384,-1.3845405274550313,1.9957337886861637,2.717346154701537,2.338165445879691,-11.442820846910937,16.49417336201874,0.6103515625,5.48316562376661,0.49475729599784646,0.6103515625,0.0762939453125,16384,3.5215022760473036,3.5215022760473036,4.159401828883766,2.213514240730173,29.104256619555763,29.104256619555763,0.6103515625,4.957627081347395,0.570634545261987,0.6103515625,0.0762939453125,16384,0.47532565493631956,0.5,parameter_table,pdf,Rows 5-8 repeat settings 1-4; retained as separate runs.,table row N = filename run N,ok,servo1,0.5,4.13240556716919,121.68336766369781,2.6833645966829156,4.279257190204614,0.8067943819917233,0.7194654402816341,-106.27566724780105,0.5904203735988948,98.3642578125,1.6357421875,4.8252729573068205,2.635928275871467,0.28717356357032575,0.965299381823513,7.506373693467563,-0.041702076074819794,6.8115234375,93.1884765625,5.30406937554122,3.972617528536162,1.2956909375463759,0.8450520597849901,-119.29617317971864,0.6627565176651036,22.0703125,77.9296875,4.611893050993662,2.282618314152042,1.1534110295276687,0.8823220473316087,48.67736681498787,-0.2704298156388215,22.0703125,77.9296875,0.20458689754652526,0.08662246817997218
stripe_flipper_vansh_yawPower_1_stripe_flipper.bag,stripe_flipper,yawPower,1,10000.0,247.59763872491146,0.9778508815702698,20.825636416899616,0.11181301503100236,ok,servo_activity,0.28146977424621583,8.780329036712647,8.498859262466432,84989,1.3795547573427391,2.0388036511545335,2.385247593053046,1.9458249540126584,11.724461733690177,17.32735215730724,0.457763671875,4.041335049515332,0.520833197693224,0.6103515625,0.0762939453125,16384,1.118627584740005,1.4239562534092731,2.048450179275977,1.7160479199703387,9.506990324361219,12.101948146514463,0.6866455078125,3.250296074199127,0.5180650677201373,0.6103515625,0.0762939453125,16384,-1.5315237428846535,1.7228441083912631,2.3485567019129205,1.780492518119825,-13.015979169233361,14.641991823637483,0.152587890625,3.7323055229844155,0.4918219877821111,0.6103515625,0.0762939453125,16384,3.346419048799947,3.346419048799947,3.924445540358692,2.0500615476297495,28.440475515738086,28.440475515738086,0.5340576171875,4.4470628753097525,0.48299394570849846,0.6103515625,0.0762939453125,16384,0.48828125,0.5,parameter_table,pdf,,table row N = filename run N,ok,servo1,0.5,4.249429631233216,200.0,4.431832963583216,1.794205999380322,0.20148133847252464,0.9950928090520229,79.73037263638577,-0.44294651464658763,8.447265625,91.552734375,2.7158835800535055,2.134208337505976,0.39392242211217493,0.973917928370911,23.850733721414475,-0.13250407623008043,37.3291015625,62.6708984375,3.2042355946968297,2.6962064396942,0.37794395100167083,0.9665365367326056,-97.82147246500027,0.543452624805557,69.482421875,30.517578125,5.173943289488549,2.4039795512565614,0.2254384761407561,0.9852287461031324,53.34849854592109,-0.2963805474773394,6.8115234375,93.1884765625,0.24821116386930808,0.17076073731554336
stripe_flipper_vansh_yawPower_2_stripe_flipper.bag,stripe_flipper,yawPower,2,10000.0,236.93955485255904,0.9850548709593839,20.82553301357484,0.10497413053303822,ok,servo_activity,0.21365113258361818,8.615298080444337,8.40164694786072,84016,1.0477143394629564,1.8327559171332786,2.1520606585654085,1.8798031123042331,8.80255818424063,15.397708944346272,0.3814697265625,2.598420777346316,0.5582530197674738,0.6103515625,0.0762939453125,16384,0.6874089248126489,1.17461501157642,1.7968473427535085,1.660159433081131,5.775433751597818,9.868529789872053,0.6103515625,2.0502667977241074,0.5714696396938003,0.6103515625,0.0762939453125,16384,-0.8584834235731109,1.0055074044057055,1.2958817902651218,0.9707295327695183,-7.212453941700123,8.447690619063248,0.457763671875,0.8656386289200775,0.574478898759513,0.6103515625,0.0762939453125,16384,2.644673604741754,2.644673604741754,3.088581400197518,1.5953170813441189,22.219043810900406,22.219043810900406,0.457763671875,2.2847329042467117,0.5419021992404832,0.6103515625,0.0762939453125,16384,0.48828125,0.5,parameter_table,pdf,,table row N = filename run N,ok,servo1,0.5,4.20082347393036,200.0,2.4963358248653216,1.3702035591783892,0.28935749790151816,0.8068325400005545,99.66523229309614,-0.5536957349616453,23.7060546875,76.2939453125,1.779772959724176,0.8021523473162154,0.4372810475271986,0.9744638354830951,1.6572864542685146,-0.009207146968158416,22.0703125,77.9296875,0.9147803558123617,0.34016881217130646,0.11052540236939849,0.9050637125298518,-105.18197508335805,0.5843443060186558,8.447265625,91.552734375,2.015201924342888,1.2756291780705389,0.28042209821866676,0.8623579297483883,32.65049437846562,-0.18139163543592013,8.447265625,91.552734375,0.2408517465685888,0.09029001953963635
stripe_flipper_vansh_yawPower_3_stripe_flipper.bag,stripe_flipper,yawPower,3,10000.0,345.1533903884134,1.0349823199438741,20.829256180288628,0.10546290309318157,ok,servo_activity,0.2009758472442627,8.454161453247071,8.253185606002809,55670,1.0987226747934584,1.7220666288145101,2.0640002282288314,1.7472565427044124,6.116319449204925,9.586475241240121,0.6103515625,3.2746628788609056,0.5152162314735065,0.6103515625,0.0762939453125,16384,1.4444601328208597,1.7574636508131758,2.7079023099556174,2.290473716276638,8.040896191611823,9.783386776275044,0.30517578125,6.513181731643689,0.4721348078124222,0.6103515625,0.0762939453125,16384,-1.6041187341113703,1.937013707893012,2.842594274939351,2.3467307682797585,-8.9297226113936,10.782948930435998,0.6866455078125,6.167188461082046,0.4869673867050498,0.6103515625,0.0762939453125,16384,3.5977987854464906,3.5977987854464906,4.435445194601057,2.5940350756590327,20.0282267618786,20.0282267618786,0.6103515625,8.205856296003185,0.465865665255566,0.6103515625,0.0762939453125,16384,0.48828125,0.5,parameter_table,pdf,,table row N = filename run N,ok,servo1,0.5,4.1265928030014045,200.0,3.689467438374051,1.7813031529334846,0.2060900456736089,0.7591903258318837,75.15048212991499,-0.4175026784995277,22.0703125,77.9296875,5.570848006925412,4.749184141668422,0.9714133445176909,0.5745690184604878,45.72479514234158,-0.2540266396796754,38.96484375,61.03515625,5.6484927306008625,4.585213024448779,0.9687933360099832,0.7031554514388023,-89.14324586817733,0.4952402548232074,37.3291015625,62.6708984375,8.890600972466196,5.982368612635968,0.3936090941327055,0.7032219301277318,64.36712288849967,-0.35759512715833147,22.0703125,77.9296875,0.2664896279883551,0.2629297310774354
stripe_flipper_vansh_yawPower_4_stripe_flipper.bag,stripe_flipper,yawPower,4,10000.0,186.7371889052135,1.014259485910273,20.822328019738574,0.12750006915239193,ok,servo_activity,0.20689983367919923,7.960488605499267,7.753588771820068,77536,0.2236780490777203,0.7198805447198915,0.8779487740590383,0.848977137638319,1.7342393041654254,5.581594974376564,0.457763671875,0.6112982257087142,0.6553957224358669,0.6103515625,0.0762939453125,16384,1.9127773680576776,2.6729013772349206,3.6901228804179103,3.1556757775205795,14.830851331792607,20.724548849349276,0.5340576171875,11.641872292247225,0.47152770657039017,0.6103515625,0.0762939453125,16384,-1.818821390885785,2.162952552689462,3.1427200216266207,2.562923698120786,-14.10212103044315,16.770376406604143,0.2288818359375,5.876883460031095,0.5043317799974607,0.6103515625,0.0762939453125,16384,4.058702371664448,4.058702371664448,4.925899923545784,2.791312435940082,31.469228946379562,31.469228946379562,0.6103515625,8.361320494869917,0.48117197554020974,0.6103515625,0.0762939453125,16384,0.5470816081207426,0.5,parameter_table,pdf,,table row N = filename run N,ok,servo1,0.5,3.876794385910034,186.7371889052135,0.4969274512698317,0.28682031074352904,0.08270445249552465,0.9015544070400787,71.8961936382309,-0.3994232979901716,8.447265625,91.552734375,13.629166312491693,6.258398894330037,1.584254328480346,0.9688666561148693,28.135149799011735,-0.15630638777228742,6.8115234375,93.1884765625,5.217798206608436,3.4702739477267146,0.9632190211626859,0.9504589441429958,-91.89607934942705,0.5105337741634837,54.2236328125,45.7763671875,10.48033901103121,3.518400657444017,0.5163669661500147,0.9371568090012045,52.86858144660229,-0.29371434137001273,22.0703125,77.9296875,0.33595427914792336,0.5089681874170767
